,Date,Open,High,Low,Price,Volume
0,2015-11-03,543.55,546.0,539.6,542.1,47793
1,2015-11-04,542.0,548.95,538.25,541.15,50777
2,2015-11-05,541.0,541.0,535.0,539.55,28206
3,2015-11-06,540.0,544.2,538.5,540.4,26265
4,2015-11-09,533.0,534.7,526.6,532.85,164091
5,2015-11-10,532.0,532.0,526.05,527.15,96155
6,2015-11-11,531.0,532.5,525.5,526.95,31289
7,2015-11-13,526.0,529.5,520.25,525.55,61227
8,2015-11-16,524.75,532.0,523.35,529.0,70711
9,2015-11-17,533.0,533.5,526.0,530.4,75769
10,2015-11-18,530.5,533.1,523.5,524.2,67525
11,2015-11-19,526.6,535.15,525.05,534.25,32794
12,2015-11-20,534.15,539.85,530.15,534.45,61638
13,2015-11-23,535.4,537.7,530.0,532.65,29463
14,2015-11-24,533.0,536.6,531.0,531.95,27969
15,2015-11-26,532.0,533.7,529.25,532.25,31768
16,2015-11-27,531.5,540.3,531.1,539.3,39265
17,2015-11-30,542.25,542.25,535.5,537.95,50673
18,2015-12-01,536.5,541.5,536.5,540.7,37709
19,2015-12-02,542.5,545.45,535.65,537.55,25212
20,2015-12-03,537.55,540.5,534.2,537.8,32601
21,2015-12-04,535.15,536.25,529.3,530.1,34099
22,2015-12-07,533.5,536.0,530.55,531.2,43044
23,2015-12-08,531.0,531.0,523.5,524.65,30181
24,2015-12-09,524.65,528.2,522.9,524.2,41481
25,2015-12-10,525.0,531.6,522.25,530.3,47513
26,2015-12-11,525.0,530.5,521.1,522.9,31116
27,2015-12-14,522.9,529.5,520.0,527.65,35810
28,2015-12-15,527.0,530.5,523.0,528.55,27873
29,2015-12-16,532.5,536.55,530.1,533.5,47844
30,2015-12-17,539.95,541.35,532.75,539.9,67115
31,2015-12-18,540.0,542.6,534.0,536.4,42166
32,2015-12-21,537.4,539.7,534.8,537.35,26833
33,2015-12-22,538.0,538.1,527.3,532.45,278034
34,2015-12-23,535.0,539.0,534.75,536.8,48962
35,2015-12-24,537.25,537.85,534.45,537.0,19849
36,2015-12-28,537.5,539.5,533.7,538.0,53034
37,2015-12-29,539.05,540.0,535.75,539.05,18201
38,2015-12-30,539.95,540.85,536.4,537.05,34370
39,2015-12-31,538.0,542.5,538.0,541.35,39713
40,2016-01-01,542.45,545.0,538.0,544.3,30215
41,2016-01-04,543.5,543.5,534.5,535.4,59292
42,2016-01-05,539.0,539.0,530.0,530.85,52076
43,2016-01-06,530.85,538.35,530.0,532.65,48538
44,2016-01-07,531.25,532.15,524.1,526.45,152050
45,2016-01-08,531.5,532.0,528.65,530.9,26405
46,2016-01-11,529.0,530.85,522.75,528.8,93228
47,2016-01-12,529.0,530.05,522.1,524.75,34660
48,2016-01-13,528.0,531.1,519.5,529.6,471141
49,2016-01-14,525.0,528.45,519.6,524.75,72445
50,2016-01-15,524.75,527.8,518.5,521.4,203059
51,2016-01-18,512.5,520.45,512.15,514.55,201908
52,2016-01-19,514.55,519.35,513.6,517.75,275542
53,2016-01-20,517.0,517.0,504.15,508.6,171427
54,2016-01-21,513.0,516.45,507.0,511.8,73248
55,2016-01-22,513.0,521.5,513.0,515.15,83073
56,2016-01-25,517.5,523.4,516.6,519.95,135176
57,2016-01-27,524.75,524.75,516.2,517.9,81495
58,2016-01-28,517.95,523.0,515.0,516.25,41160
59,2016-01-29,516.2,526.5,516.2,524.45,42525
60,2016-02-01,527.5,533.45,527.1,530.6,40785
61,2016-02-02,530.6,532.5,526.25,527.75,37375
62,2016-02-03,524.5,525.6,520.85,521.9,26497
63,2016-02-04,525.0,527.4,523.4,525.15,84451
64,2016-02-05,525.5,531.5,524.5,528.2,41466
65,2016-02-08,528.0,529.05,515.0,518.6,30850
66,2016-02-09,515.0,515.7,510.9,513.0,73327
67,2016-02-10,513.0,514.95,505.5,506.9,57691
68,2016-02-11,508.0,508.0,485.4,488.0,111874
69,2016-02-12,491.0,493.2,483.3,486.65,239758
70,2016-02-15,498.0,498.0,485.0,487.1,242326
71,2016-02-16,490.0,490.0,481.25,486.7,138731
72,2016-02-17,487.6,490.0,479.55,487.6,97747
73,2016-02-18,491.5,495.35,488.5,494.8,190408
74,2016-02-19,494.5,496.75,487.0,494.0,58827
75,2016-02-22,497.0,498.0,492.5,495.45,95643
76,2016-02-23,495.5,495.5,483.0,484.95,161039
77,2016-02-24,481.5,481.5,472.85,474.75,85960
78,2016-02-25,476.05,478.7,471.0,473.35,103799
79,2016-02-26,474.95,485.25,473.0,479.9,84039
80,2016-02-29,481.0,491.25,464.4,486.25,208732
81,2016-03-01,490.0,493.25,486.25,492.5,64007
82,2016-03-02,497.0,505.3,497.0,504.0,92720
83,2016-03-03,503.5,509.85,503.5,506.9,65819
84,2016-03-04,507.5,512.5,497.1,510.5,81762
85,2016-03-08,510.2,511.1,505.0,507.9,36908
86,2016-03-09,508.0,515.0,503.5,512.95,76447
87,2016-03-10,512.5,512.5,505.5,510.35,46331
88,2016-03-11,510.6,515.5,506.7,514.2,64039
89,2016-03-14,514.2,518.9,512.8,513.9,74941
90,2016-03-15,515.0,515.0,510.75,513.65,2031246
91,2016-03-16,515.05,517.0,509.8,515.35,797218
92,2016-03-17,517.5,519.75,505.65,508.9,74008
93,2016-03-18,509.5,515.6,508.25,514.3,63140
94,2016-03-21,514.2,523.0,514.2,522.1,84463
95,2016-03-22,523.0,528.25,520.5,526.85,40148
96,2016-03-23,526.4,526.4,520.2,524.4,169355
97,2016-03-28,522.5,526.5,520.9,523.8,105294
98,2016-03-29,523.8,529.6,522.25,526.6,51499
99,2016-03-30,529.2,534.9,526.75,532.4,69584
100,2016-03-31,531.0,539.35,531.0,535.6,63483
101,2016-04-01,533.0,536.5,528.5,532.45,37705
102,2016-04-04,534.8,536.2,532.15,534.65,35026
103,2016-04-05,534.0,538.3,527.6,529.15,79235
104,2016-04-06,529.7,533.4,528.35,532.25,43618
105,2016-04-07,535.5,535.5,523.6,528.0,39965
106,2016-04-08,526.5,531.55,526.5,529.4,139221
107,2016-04-11,530.0,536.75,521.5,531.55,39983
108,2016-04-12,533.5,535.6,530.0,532.0,433906
109,2016-04-13,535.4,542.25,535.4,540.6,99786
110,2016-04-18,542.5,546.1,536.0,544.15,54124
111,2016-04-20,545.5,549.9,542.15,548.3,111226
112,2016-04-21,550.0,552.45,544.0,544.75,58667
113,2016-04-22,545.9,550.45,542.85,546.15,158523
114,2016-04-25,550.0,550.0,542.8,547.5,44329
115,2016-04-26,546.0,557.5,546.0,556.25,102274
116,2016-04-27,556.0,562.5,555.0,562.15,88004
117,2016-04-28,560.55,568.0,552.5,557.3,61629
118,2016-04-29,555.6,568.0,553.4,566.7,146497
119,2016-05-02,564.5,565.35,557.5,558.95,40322
120,2016-05-03,560.0,567.45,556.95,558.7,144609
121,2016-05-04,558.0,567.0,556.85,563.4,70948
122,2016-05-05,563.5,567.5,561.5,566.0,43102
123,2016-05-06,567.0,567.0,559.4,560.0,27212
124,2016-05-09,560.0,572.4,560.0,570.9,55906
125,2016-05-10,570.45,573.4,568.0,573.0,32699
126,2016-05-11,568.95,572.7,565.0,569.5,37435
127,2016-05-12,570.65,575.5,566.5,574.95,95490
128,2016-05-13,574.05,574.05,565.25,570.75,229422
129,2016-05-16,571.6,582.95,566.4,581.5,72248
130,2016-05-17,582.5,584.95,575.7,576.8,46254
131,2016-05-18,576.5,576.5,566.1,570.45,68849
132,2016-05-19,570.0,570.75,566.2,568.45,38778
133,2016-05-20,569.1,574.1,568.05,570.15,32117
134,2016-05-23,570.5,574.6,567.0,568.55,33748
135,2016-05-24,567.65,571.1,567.65,570.35,32602
136,2016-05-25,572.85,587.75,572.85,586.3,69551
137,2016-05-26,589.3,592.5,583.0,591.2,85274
138,2016-05-27,591.2,594.8,588.5,593.65,125932
139,2016-05-30,593.65,597.4,589.0,590.0,41792
140,2016-05-31,590.4,592.1,588.7,590.25,106967
141,2016-06-01,590.45,590.45,585.9,587.8,231188
142,2016-06-02,587.75,590.0,585.6,587.6,430672
143,2016-06-03,590.0,592.95,584.95,586.05,37990
144,2016-06-06,585.5,591.0,585.05,585.5,84140
145,2016-06-07,587.5,589.75,584.0,588.0,114426
146,2016-06-08,587.5,589.15,580.3,581.2,114005
147,2016-06-09,581.0,581.4,576.25,579.95,107040
148,2016-06-10,579.7,586.45,578.1,580.6,106397
149,2016-06-13,577.5,581.5,575.5,576.6,66285
150,2016-06-14,576.45,578.2,572.1,575.8,78531
151,2016-06-15,575.95,585.1,575.95,583.0,126120
152,2016-06-16,584.6,584.6,577.9,581.15,94272
153,2016-06-17,583.95,589.1,583.0,584.6,232710
154,2016-06-20,580.0,589.5,580.0,586.2,62423
155,2016-06-21,586.4,586.4,580.95,583.6,25567
156,2016-06-22,583.95,587.5,583.0,584.0,47622
157,2016-06-23,584.5,596.15,584.35,594.85,143280
158,2016-06-24,581.25,585.5,573.3,580.85,123607
159,2016-06-27,582.5,584.25,576.45,579.0,41785
160,2016-06-28,581.45,586.5,578.5,583.9,180447
161,2016-06-29,582.5,584.5,580.0,584.5,231488
162,2016-06-30,585.0,589.5,581.15,587.95,53606
163,2016-07-01,589.45,592.3,585.6,586.95,57565
164,2016-07-04,588.75,589.35,584.6,585.75,92026
165,2016-07-05,586.0,586.0,581.0,584.95,33565
166,2016-07-06,534.0,613.0,526.0,585.0,750
167,2016-07-07,584.5,594.3,580.5,591.85,175881
168,2016-07-08,593.5,593.5,585.25,586.1,62833
169,2016-07-11,592.5,600.65,592.05,599.15,355332
170,2016-07-12,602.5,602.5,597.25,599.75,226446
171,2016-07-13,599.5,600.6,596.4,597.1,197630
172,2016-07-14,600.0,600.95,596.25,600.1,135040
173,2016-07-15,602.5,613.1,597.6,611.8,200004
174,2016-07-18,612.5,619.25,611.25,615.35,120828
175,2016-07-19,616.0,616.0,607.1,609.0,124918
176,2016-07-20,613.0,618.6,613.0,616.05,251394
177,2016-07-21,615.95,619.75,611.7,614.2,153646
178,2016-07-22,615.0,617.5,610.8,615.7,43777
179,2016-07-25,617.5,624.5,612.6,623.25,94717
180,2016-07-26,622.5,622.75,618.05,620.0,80518
181,2016-07-27,621.0,623.85,615.0,618.45,41129
182,2016-07-28,619.5,625.0,617.55,623.95,58649
183,2016-07-29,624.0,624.65,617.5,623.25,52810
184,2016-08-01,624.0,629.4,614.2,620.8,60526
185,2016-08-02,622.75,628.0,620.0,622.05,38489
186,2016-08-03,620.0,624.8,615.5,620.5,53908
187,2016-08-04,622.75,623.2,617.0,623.2,107480
188,2016-08-05,622.5,627.9,621.0,624.5,115873
189,2016-08-08,627.0,627.35,622.1,624.95,35386
190,2016-08-09,627.05,627.05,618.5,623.7,46566
191,2016-08-10,625.0,625.5,611.5,611.5,53304
192,2016-08-11,611.85,617.45,611.75,614.15,27695
193,2016-08-12,616.5,617.5,610.0,613.75,34376
194,2016-08-16,617.7,618.5,607.95,612.95,93549
195,2016-08-17,615.05,618.6,613.5,618.6,29894
196,2016-08-18,620.0,626.6,618.25,625.6,770886
197,2016-08-19,626.0,626.0,620.4,622.45,34451
198,2016-08-22,622.45,627.0,620.65,624.5,235344
199,2016-08-23,627.75,627.75,623.0,625.9,71526
200,2016-08-24,624.25,632.25,624.0,631.1,111952
201,2016-08-25,633.75,633.75,627.25,628.6,93444
202,2016-08-26,629.0,630.85,626.5,628.95,50176
203,2016-08-29,628.85,628.85,617.6,619.15,84868
204,2016-08-30,622.95,642.5,622.0,633.75,123139
205,2016-08-31,635.0,647.35,632.75,645.35,97794
206,2016-09-01,643.0,644.4,638.05,640.1,69360
207,2016-09-02,642.75,644.25,640.75,642.2,62576
208,2016-09-06,643.0,652.5,643.0,649.5,82214
209,2016-09-07,650.0,652.5,641.55,643.85,35953
210,2016-09-08,643.25,647.35,641.75,644.3,78554
211,2016-09-09,645.0,646.9,639.5,645.25,111542
212,2016-09-12,637.5,642.85,636.35,642.85,57974
213,2016-09-14,637.5,638.45,632.75,636.45,509354
214,2016-09-15,636.5,642.7,635.75,639.75,50893
215,2016-09-16,644.8,652.5,643.1,649.0,93370
216,2016-09-19,649.0,651.0,644.0,644.35,68618
217,2016-09-20,645.05,646.0,642.1,643.8,129506
218,2016-09-21,646.0,649.15,644.0,646.3,32377
219,2016-09-22,653.35,657.75,650.15,654.5,96996
220,2016-09-23,653.8,659.1,651.5,656.55,119673
221,2016-09-26,655.0,655.0,646.6,648.4,27892
222,2016-09-27,650.0,652.95,647.1,648.85,188701
223,2016-09-28,650.5,650.5,644.5,648.65,138577
224,2016-09-29,648.35,653.0,636.15,638.5,128407
225,2016-09-30,639.0,640.95,633.6,635.85,51190
226,2016-10-03,640.0,645.0,638.6,644.0,70353
227,2016-10-04,644.9,647.5,641.25,644.75,51079
228,2016-10-05,649.95,649.95,638.5,642.9,98743
229,2016-10-06,644.0,647.5,639.9,641.35,46469
230,2016-10-07,641.35,643.5,638.0,640.55,45794
231,2016-10-10,642.45,643.8,639.5,642.2,22888
232,2016-10-13,640.5,640.5,628.5,631.95,73563
233,2016-10-14,632.5,633.9,620.0,632.25,63151
234,2016-10-17,635.0,635.0,616.5,618.9,53710
235,2016-10-18,622.5,630.0,620.05,628.7,54177
236,2016-10-19,633.0,633.0,624.0,629.25,238390
237,2016-10-20,630.0,633.5,625.75,627.65,43337
238,2016-10-21,628.0,636.1,625.1,635.15,42083
239,2016-10-24,636.0,637.95,631.5,632.7,46712
240,2016-10-25,632.4,632.4,622.35,625.2,128111
241,2016-10-26,622.45,627.1,617.6,620.2,94274
242,2016-10-27,618.5,627.2,612.5,624.35,81738
243,2016-10-28,626.0,630.4,620.95,630.0,129086
244,2016-10-30,632.45,632.5,625.5,626.85,32135
245,2016-11-01,626.85,631.5,625.0,630.0,84334
246,2016-11-02,625.5,627.5,621.25,623.0,122808
247,2016-11-03,620.0,629.95,616.1,626.5,74201
248,2016-11-04,625.0,625.5,621.0,621.85,314855
249,2016-11-07,625.0,627.0,620.0,624.95,109438
250,2016-11-08,622.5,628.6,620.5,627.5,233898
251,2016-11-09,610.0,629.25,598.25,628.5,649922
252,2016-11-10,632.5,641.0,627.5,638.1,258623
253,2016-11-11,638.5,640.5,634.45,640.0,273981
254,2016-11-15,640.5,644.0,626.0,627.6,115206
255,2016-11-16,632.75,632.75,620.5,621.95,61907
256,2016-11-17,619.5,624.5,612.6,614.85,92025
257,2016-11-18,616.0,617.45,604.15,605.8,61361
258,2016-11-21,609.85,609.85,594.65,599.25,60634
259,2016-11-22,602.5,602.5,594.65,599.5,74010
260,2016-11-23,602.5,602.5,590.6,592.45,50008
261,2016-11-24,592.45,593.4,581.75,583.45,115868
262,2016-11-25,585.5,596.7,579.65,594.55,107925
263,2016-11-28,590.4,599.2,590.0,592.65,113133
264,2016-11-29,592.5,595.9,588.3,589.5,47735
265,2016-11-30,590.35,600.85,590.35,599.5,67014
266,2016-12-01,604.9,604.9,596.0,596.0,35286
267,2016-12-02,595.0,601.4,589.0,595.6,199694
268,2016-12-05,595.0,599.0,589.5,597.85,187458
269,2016-12-06,597.9,601.35,595.25,596.6,47023
270,2016-12-07,600.0,602.9,584.35,590.55,100572
271,2016-12-08,594.9,602.2,594.8,599.95,55949
272,2016-12-09,599.95,601.25,594.3,599.05,61478
273,2016-12-12,595.0,595.7,590.5,591.9,33991
274,2016-12-13,590.5,595.4,590.15,592.9,87425
275,2016-12-14,593.25,593.25,586.8,587.1,142933
276,2016-12-15,584.5,596.75,582.5,588.25,122959
277,2016-12-16,588.5,592.6,586.0,588.5,65253
278,2016-12-19,590.0,590.0,585.75,588.35,55393
279,2016-12-20,588.0,593.0,586.0,593.0,74257
280,2016-12-21,591.0,592.2,587.25,589.95,36838
281,2016-12-22,590.0,590.0,584.5,586.25,37436
282,2016-12-23,586.6,594.5,585.15,594.5,55215
283,2016-12-26,594.4,594.4,585.5,588.0,92906
284,2016-12-27,587.9,593.5,587.4,593.4,78190
285,2016-12-28,593.45,597.9,591.0,594.0,89848
286,2016-12-29,592.9,603.25,591.45,600.7,70267
287,2016-12-30,600.7,605.05,600.0,600.0,140948
288,2017-01-02,604.5,604.6,596.2,598.65,170356
289,2017-01-03,600.0,600.5,593.0,595.2,67378
290,2017-01-04,595.3,596.45,592.25,595.15,155393
291,2017-01-05,599.75,599.75,591.25,591.7,845935
292,2017-01-06,594.9,599.1,593.2,596.6,193430
293,2017-01-09,600.0,601.8,595.6,597.45,368394
294,2017-01-10,598.75,607.5,598.0,606.15,870952
295,2017-01-11,610.05,619.0,609.5,616.3,298965
296,2017-01-12,619.0,621.6,612.6,617.25,55190
297,2017-01-13,619.0,619.95,614.25,616.3,33305
298,2017-01-16,618.95,625.0,617.3,623.8,4422627
299,2017-01-17,624.95,626.25,618.0,618.5,42482
300,2017-01-18,621.0,627.7,620.5,621.95,40530
301,2017-01-19,621.95,621.95,616.55,617.4,42162
302,2017-01-20,618.15,622.35,615.6,617.55,34503
303,2017-01-23,617.5,624.95,617.5,624.5,33969
304,2017-01-24,625.8,635.5,625.0,633.85,133091
305,2017-01-25,637.5,645.85,635.15,643.75,96347
306,2017-01-27,649.25,650.0,644.0,647.0,78143
307,2017-01-30,645.5,647.05,640.05,642.4,54254
308,2017-01-31,639.5,646.2,639.0,643.45,74196
309,2017-02-01,644.0,655.0,640.25,653.1,125790
310,2017-02-02,652.5,652.5,646.0,649.25,267516
311,2017-02-03,653.1,658.25,648.0,653.35,94515
312,2017-02-06,659.0,660.0,656.05,656.85,48116
313,2017-02-07,657.5,657.95,651.6,653.7,55781
314,2017-02-08,655.05,659.05,649.1,653.4,67582
315,2017-02-09,653.6,659.6,647.0,651.0,65789
316,2017-02-10,651.2,654.65,649.5,653.5,40021
317,2017-02-13,655.0,657.5,649.8,656.3,46102
318,2017-02-14,654.65,657.0,652.5,655.3,37584
319,2017-02-15,657.0,662.4,654.35,658.5,119363
320,2017-02-16,662.0,666.6,660.0,663.65,72740
321,2017-02-17,725.0,725.0,680.75,688.55,5524506
322,2017-02-20,680.05,708.0,680.05,703.6,183585
323,2017-02-21,700.0,709.5,698.8,706.15,178166
324,2017-02-22,706.65,709.0,697.8,699.6,79301
325,2017-02-23,702.2,710.0,694.0,697.5,106360
326,2017-02-27,696.0,700.0,690.0,696.9,62863
327,2017-02-28,696.5,698.15,692.5,694.6,34267
328,2017-03-01,698.15,698.55,692.6,694.9,33357
329,2017-03-02,699.5,699.5,688.3,689.75,678465
330,2017-03-03,694.0,694.0,684.6,688.25,35120
331,2017-03-06,690.0,694.55,687.5,690.15,42998
332,2017-03-07,691.0,694.5,688.6,693.05,63520
333,2017-03-08,693.05,699.25,690.4,695.7,529926
334,2017-03-09,693.5,699.0,692.5,697.5,25769
335,2017-03-10,699.25,702.5,697.0,700.1,102113
336,2017-03-14,712.45,712.45,703.8,704.9,588376
337,2017-03-15,705.0,709.5,704.95,708.7,82820
338,2017-03-16,708.7,711.0,707.0,709.1,65591
339,2017-03-17,709.1,714.0,705.65,713.0,85908
340,2017-03-20,712.5,719.5,712.2,717.5,76929
341,2017-03-21,718.0,722.5,718.0,720.75,150877
342,2017-03-22,713.95,718.0,713.1,716.0,1402181
343,2017-03-23,716.95,717.5,712.0,713.0,1309981
344,2017-03-24,715.35,717.25,711.0,712.4,612426
345,2017-03-27,712.4,712.4,703.0,705.7,324653
346,2017-03-28,709.0,712.5,706.6,709.35,1002583
347,2017-03-29,710.0,717.25,709.55,713.9,85062
348,2017-03-30,713.5,738.95,713.5,731.85,203813
349,2017-03-31,726.85,726.85,718.5,721.15,130258
350,2017-04-03,724.4,724.4,714.75,716.35,53478
351,2017-04-04,713.5,713.5,713.5,713.5,1
352,2017-04-05,722.0,723.0,715.0,716.7,65517
353,2017-04-06,716.15,719.85,713.3,717.95,116766
354,2017-04-07,712.5,723.25,712.5,715.0,46398
355,2017-04-10,719.0,720.7,715.75,717.5,46728
356,2017-04-11,718.75,720.85,715.8,717.75,165913
357,2017-04-12,719.5,724.85,717.75,721.75,76564
358,2017-04-13,720.0,724.5,718.75,721.95,34304
359,2017-04-17,720.15,722.5,714.2,718.0,114872
360,2017-04-18,719.25,727.35,719.0,722.85,138662
361,2017-04-19,723.95,727.45,719.25,723.5,91758
362,2017-04-20,725.0,732.8,725.0,730.95,137335
363,2017-04-21,734.0,750.0,727.55,748.35,515480
364,2017-04-24,749.95,769.0,748.65,766.35,530786
365,2017-04-25,767.5,772.5,765.05,765.75,260696
366,2017-04-26,769.05,775.55,764.0,773.7,222954
367,2017-04-27,772.5,786.05,772.5,777.0,196978
368,2017-04-28,779.0,779.0,769.0,771.05,209137
369,2017-05-02,775.0,775.5,765.55,771.0,154637
370,2017-05-03,776.0,777.1,767.6,768.6,185568
371,2017-05-04,770.7,771.0,762.15,767.45,79412
372,2017-05-05,770.0,771.1,763.0,766.05,104290
373,2017-05-08,768.9,769.65,764.55,767.5,81762
374,2017-05-09,767.55,772.85,766.8,766.8,45602
375,2017-05-10,770.5,777.45,769.4,777.0,212285
376,2017-05-11,776.05,780.0,770.05,773.4,210712
377,2017-05-12,772.5,776.45,768.5,774.25,47121
378,2017-05-15,775.65,779.0,772.0,779.0,59587
379,2017-05-16,777.6,781.0,774.4,777.5,38762
380,2017-05-17,779.5,782.5,776.0,779.3,39365
381,2017-05-18,775.0,780.75,775.0,777.55,27688
382,2017-05-19,778.5,784.0,772.55,779.95,46311
383,2017-05-22,783.0,790.0,781.4,790.0,54656
384,2017-05-23,791.45,791.45,782.0,784.3,63426
385,2017-05-24,786.25,787.7,781.0,782.3,38711
386,2017-05-25,785.0,811.95,784.1,808.55,112053
387,2017-05-26,805.0,815.75,801.0,812.85,59279
388,2017-05-29,810.15,824.0,810.0,816.0,49145
389,2017-05-30,814.95,815.95,808.35,815.8,39088
390,2017-05-31,814.5,820.0,812.2,817.5,38889
391,2017-06-01,816.5,819.0,811.5,813.35,52632
392,2017-06-02,817.5,822.5,814.25,817.9,45879
393,2017-06-05,817.5,819.5,812.75,818.0,31057
394,2017-06-06,818.0,821.45,814.5,819.25,34100
395,2017-06-07,819.45,822.45,815.5,820.25,32313
396,2017-06-08,822.5,828.75,821.0,822.75,57782
397,2017-06-09,821.5,835.0,821.0,833.45,51404
398,2017-06-12,831.5,837.5,830.65,834.6,56189
399,2017-06-13,831.7,845.95,830.75,838.75,45376
400,2017-06-14,837.9,839.8,834.0,835.4,159303
401,2017-06-15,835.4,836.95,828.0,831.0,128667
402,2017-06-16,833.0,836.5,829.15,835.3,119443
403,2017-06-19,834.0,847.75,834.0,844.4,107852
404,2017-06-20,847.0,847.0,841.0,843.9,36582
405,2017-06-21,843.5,851.2,840.25,849.8,56513
406,2017-06-22,848.05,857.8,845.65,848.9,104156
407,2017-06-23,850.0,850.3,837.5,840.0,53431
408,2017-06-27,843.5,847.5,829.25,833.95,75624
409,2017-06-28,831.5,837.45,830.0,833.0,36454
410,2017-06-29,832.5,840.95,826.9,828.2,148410
411,2017-06-30,827.0,830.3,822.0,826.85,49638
412,2017-07-03,827.85,833.7,823.95,829.5,33718
413,2017-07-04,832.4,833.45,825.0,825.85,43225
414,2017-07-05,829.15,829.6,823.0,823.0,36794
415,2017-07-06,826.55,831.7,826.55,827.95,38162
416,2017-07-07,829.5,833.6,829.35,832.5,51930
417,2017-07-10,835.0,840.0,832.5,838.3,842435
418,2017-07-11,840.0,845.0,834.25,840.25,96639
419,2017-07-12,841.5,842.9,833.1,840.6,89112
420,2017-07-13,842.5,845.95,837.5,839.5,42283
421,2017-07-14,840.0,842.0,836.45,840.5,37941
422,2017-07-17,840.5,844.2,837.9,843.9,34906
423,2017-07-18,841.0,844.5,839.35,841.25,27914
424,2017-07-19,842.5,847.75,841.55,846.3,46858
425,2017-07-20,847.5,856.95,844.65,854.05,53189
426,2017-07-21,855.0,857.5,850.5,850.55,62451
427,2017-07-24,856.0,870.1,848.0,867.25,261768
428,2017-07-25,875.0,877.45,866.4,867.6,80802
429,2017-07-26,868.35,877.5,866.85,874.85,120829
430,2017-07-27,877.0,898.9,876.25,893.95,123600
431,2017-07-28,886.0,892.7,880.85,887.95,87176
432,2017-07-31,889.0,895.8,883.75,891.3,68266
433,2017-08-01,891.65,905.0,887.5,897.7,73833
434,2017-08-02,901.0,904.2,892.9,897.3,49619
435,2017-08-03,894.95,895.75,887.35,888.0,41829
436,2017-08-04,887.5,897.75,883.05,893.0,49221
437,2017-08-07,894.0,898.0,892.05,894.5,35417
438,2017-08-08,893.5,898.0,883.0,890.05,48478
439,2017-08-09,883.5,888.35,880.0,882.45,197509
440,2017-08-10,882.45,882.95,877.35,879.85,45571
441,2017-08-11,874.0,878.6,866.4,875.65,57926
442,2017-08-14,876.0,887.2,874.15,877.0,45598
443,2017-08-16,880.5,894.5,875.25,890.5,62811
444,2017-08-17,890.5,890.5,878.5,882.5,35943
445,2017-08-18,877.5,880.0,872.5,876.85,45868
446,2017-08-21,876.85,879.0,870.8,871.95,30427
447,2017-08-22,875.0,876.9,868.75,876.85,25549
448,2017-08-23,876.0,888.95,876.0,884.0,38620
449,2017-08-24,886.5,887.0,880.5,883.55,34669
450,2017-08-28,885.0,885.9,879.15,881.0,32887
451,2017-08-29,881.1,881.1,869.25,873.65,41479
452,2017-08-30,877.0,889.5,875.3,884.8,33245
453,2017-08-31,884.5,890.15,878.8,887.5,83973
454,2017-09-01,888.55,888.55,881.5,882.75,35715
455,2017-09-04,882.5,883.5,875.5,875.5,70690
456,2017-09-05,879.4,882.2,876.0,878.25,42728
457,2017-09-06,871.4,882.5,870.0,881.5,60931
458,2017-09-07,879.5,888.85,879.5,885.3,70463
459,2017-09-08,892.5,895.65,886.05,894.0,58612
460,2017-09-11,897.5,915.0,896.5,911.45,126666
461,2017-09-12,913.95,919.95,909.55,917.05,65457
462,2017-09-13,917.5,924.5,912.5,921.3,83540
463,2017-09-14,923.5,925.1,915.5,921.6,53454
464,2017-09-15,916.35,925.5,916.35,924.65,46988
465,2017-09-18,925.0,931.95,925.0,930.0,62572
466,2017-09-19,931.0,934.0,924.0,925.75,59481
467,2017-09-20,925.5,930.7,922.55,926.9,32233
468,2017-09-21,922.15,923.6,916.0,921.0,54860
469,2017-09-22,919.5,919.5,910.75,912.2,267623
470,2017-09-25,912.0,912.0,896.75,899.45,78196
471,2017-09-26,899.45,899.45,892.5,895.65,122341
472,2017-09-27,900.0,902.55,885.0,887.8,44011
473,2017-09-28,887.5,899.05,882.65,897.3,87981
474,2017-09-29,898.8,910.0,897.0,900.5,43132
475,2017-10-03,904.6,910.15,899.5,904.25,72255
476,2017-10-04,904.35,905.1,896.6,897.75,44441
477,2017-10-05,900.0,903.25,897.0,899.7,76379
478,2017-10-06,899.0,902.95,897.5,899.85,56994
479,2017-10-09,902.25,902.25,896.1,897.45,30743
480,2017-10-10,897.5,907.35,896.5,899.95,38295
481,2017-10-11,901.0,907.5,893.35,894.0,64376
482,2017-10-12,900.0,910.05,893.45,905.1,40338
483,2017-10-13,910.0,928.35,910.0,924.85,77337
484,2017-10-16,928.05,935.95,920.5,928.55,50203
485,2017-10-17,925.0,927.5,920.9,925.4,31166
486,2017-10-18,924.45,937.5,924.45,935.9,50747
487,2017-10-19,933.25,933.35,920.5,923.0,13113
488,2017-10-23,927.5,933.3,918.8,931.3,56743
489,2017-10-24,931.3,938.45,926.45,932.55,132025
490,2017-10-25,934.0,934.0,892.45,897.25,251272
491,2017-10-26,887.2,905.0,879.65,899.0,580360
492,2017-10-27,902.0,904.7,890.5,894.7,139099
493,2017-10-30,900.0,908.05,896.5,906.95,43852
494,2017-10-31,906.5,906.5,899.5,903.5,58626
495,2017-11-01,907.5,913.1,906.35,910.35,42311
496,2017-11-02,910.1,914.05,909.0,909.0,37274
497,2017-11-03,913.2,919.8,910.9,917.2,70411
498,2017-11-06,915.0,919.6,913.05,913.35,49400
499,2017-11-07,914.45,921.85,910.0,912.0,45717
500,2017-11-08,903.0,916.55,903.0,913.15,43717
501,2017-11-09,917.5,917.5,911.0,913.2,31477
502,2017-11-10,911.95,916.95,906.5,909.6,2293299
503,2017-11-13,911.0,911.0,897.9,909.0,102364
504,2017-11-14,906.0,909.35,900.0,901.0,30099
505,2017-11-15,901.0,901.05,895.75,900.85,29344
506,2017-11-16,903.5,910.0,897.9,905.75,37623
507,2017-11-17,911.0,918.35,907.5,911.75,72816
508,2017-11-20,915.3,920.0,915.05,919.0,40087
509,2017-11-21,919.9,925.0,918.5,923.75,36746
510,2017-11-22,925.55,929.0,923.0,927.5,42144
511,2017-11-23,929.0,929.95,921.9,923.35,22499
512,2017-11-24,923.35,929.95,920.65,929.1,31267
513,2017-11-27,925.5,930.8,923.05,928.0,34866
514,2017-11-28,927.1,936.85,927.1,931.45,41032
515,2017-11-29,931.5,937.45,928.5,937.45,29013
516,2017-11-30,934.0,937.25,920.75,928.35,39521
517,2017-12-01,927.85,929.0,920.65,924.0,39071
518,2017-12-02,921.8,949.5,830.0,835.0,3829
519,2017-12-04,925.0,925.0,916.9,918.9,32520
520,2017-12-05,913.5,914.2,904.25,912.95,207064
521,2017-12-06,910.0,911.75,898.7,900.05,54084
522,2017-12-07,904.95,907.5,901.75,904.0,44727
523,2017-12-08,909.0,926.05,907.5,920.5,57179
524,2017-12-11,927.0,927.35,919.95,922.0,120082
525,2017-12-12,923.0,923.0,910.0,912.0,35797
526,2017-12-13,911.5,922.4,907.9,911.0,3641254
527,2017-12-14,910.75,922.0,907.0,918.6,83670
528,2017-12-15,928.5,943.7,928.5,936.5,116357
529,2017-12-18,926.5,949.95,905.65,940.8,162284
530,2017-12-19,942.5,947.0,937.85,944.0,63157
531,2017-12-20,951.1,951.1,932.45,934.0,102517
532,2017-12-21,935.65,942.2,932.5,934.05,63257
533,2017-12-22,937.5,940.4,931.55,938.65,619520
534,2017-12-26,937.55,939.0,928.5,932.85,62820
535,2017-12-27,935.0,935.15,925.55,927.7,43175
536,2017-12-28,931.0,939.25,929.5,936.5,105554
537,2017-12-29,935.0,940.0,934.3,935.5,33637
538,2018-01-01,936.0,940.1,925.05,928.5,41653
539,2018-01-02,930.0,937.6,929.75,935.0,45187
540,2018-01-03,938.65,938.65,925.35,926.3,44464
541,2018-01-04,928.95,933.05,927.5,928.65,23247
542,2018-01-05,930.0,934.3,929.0,931.95,106758
543,2018-01-08,932.5,935.3,928.55,930.95,32865
544,2018-01-09,935.0,935.0,927.8,930.05,28241
545,2018-01-10,932.5,934.55,929.1,930.0,33128
546,2018-01-11,930.0,937.5,928.5,934.25,34361
547,2018-01-12,936.8,939.2,930.15,935.0,54327
548,2018-01-15,933.0,950.45,930.5,946.5,98409
549,2018-01-16,952.5,954.9,945.0,951.85,97349
550,2018-01-17,948.8,951.1,943.2,943.5,48466
551,2018-01-18,965.0,976.85,959.25,965.9,195915
552,2018-01-19,970.35,979.45,959.9,975.6,133493
553,2018-01-22,980.0,993.0,978.0,982.0,394531
554,2018-01-23,981.9,982.35,972.05,975.0,727184
555,2018-01-24,982.2,984.45,972.1,981.5,290159
556,2018-01-25,980.0,989.45,972.7,985.1,99918
557,2018-01-29,991.9,1003.5,990.0,999.75,98029
558,2018-01-30,999.5,1001.0,992.5,999.4,96007
559,2018-01-31,995.0,1005.95,995.0,1000.75,214428
560,2018-02-01,1003.5,1007.0,993.05,995.4,79163
561,2018-02-02,989.85,992.1,969.0,974.4,77478
562,2018-02-05,950.0,966.85,950.0,959.9,52569
563,2018-02-06,927.5,955.5,918.5,949.25,218075
564,2018-02-07,967.5,967.5,930.0,935.7,159065
565,2018-02-08,942.0,949.4,933.6,940.0,71905
566,2018-02-09,925.0,932.45,923.0,926.25,98564
567,2018-02-12,930.25,941.8,929.7,940.0,84566
568,2018-02-14,944.2,948.95,938.3,938.9,50878
569,2018-02-15,940.75,947.2,937.65,942.5,54515
570,2018-02-16,944.5,947.0,938.0,940.75,39662
571,2018-02-19,940.6,942.9,929.35,937.35,27717
572,2018-02-20,939.4,942.45,929.45,929.55,44017
573,2018-02-21,937.5,937.5,926.65,927.75,49984
574,2018-02-22,925.5,929.6,921.0,927.45,56964
575,2018-02-23,928.0,941.4,926.65,937.85,49314
576,2018-02-26,946.8,960.0,942.1,954.95,70244
577,2018-02-27,956.5,961.25,947.05,952.1,84881
578,2018-02-28,945.0,947.0,939.35,940.0,34697
579,2018-03-01,937.5,946.95,936.0,936.0,25544
580,2018-03-05,936.0,937.8,930.0,935.1,31710
581,2018-03-06,936.0,939.6,921.5,925.95,40330
582,2018-03-07,920.0,926.0,915.0,917.2,50497
583,2018-03-08,924.95,928.5,916.55,925.7,644880
584,2018-03-09,928.7,931.8,923.0,926.6,54573
585,2018-03-12,930.0,934.6,927.5,933.35,74958
586,2018-03-13,932.0,942.7,928.0,929.95,53564
587,2018-03-14,939.85,939.85,925.0,932.6,31821
588,2018-03-15,933.0,944.1,933.0,940.05,78917
589,2018-03-16,940.5,940.6,925.45,940.0,10
590,2018-03-19,929.0,930.1,923.2,925.0,88929
591,2018-03-20,924.55,927.45,918.05,919.6,39416
592,2018-03-21,924.05,931.75,922.6,931.0,104346
593,2018-03-22,931.4,940.2,927.5,934.15,82174
594,2018-03-23,925.0,926.5,918.0,919.5,7
595,2018-03-26,920.5,950.0,917.3,946.55,111881
596,2018-03-27,950.0,950.0,937.9,947.7,85030
597,2018-03-28,941.85,950.5,938.75,945.7,83212
598,2018-04-02,950.0,967.25,948.4,965.2,66422
599,2018-04-03,960.75,962.5,955.9,958.05,43455
600,2018-04-04,958.0,962.55,940.1,941.75,111300
601,2018-04-05,954.95,957.0,946.2,953.85,51535
602,2018-04-06,955.5,963.0,953.3,959.25,42711
603,2018-04-09,961.0,970.6,960.0,969.0,48885
604,2018-04-10,972.5,972.5,957.05,959.55,48084
605,2018-04-11,958.0,959.4,952.5,959.0,20828
606,2018-04-12,961.0,965.0,952.7,962.5,32021
607,2018-04-13,963.5,969.4,960.0,964.0,34954
608,2018-04-16,961.35,974.45,961.15,969.3,34261
609,2018-04-17,970.25,977.5,967.5,977.0,28693
610,2018-04-18,976.5,976.7,966.5,969.95,25513
611,2018-04-19,968.55,972.5,967.05,972.5,29021
612,2018-04-20,971.0,983.95,966.5,980.45,74220
613,2018-04-23,989.5,989.9,953.15,966.5,243684
614,2018-04-24,969.5,974.3,963.5,967.25,65222
615,2018-04-25,967.5,969.35,957.1,958.6,54208
616,2018-04-26,959.0,968.7,956.5,965.15,32982
617,2018-04-27,962.5,967.35,956.0,961.4,297361
618,2018-04-30,964.45,977.45,964.25,972.3,70459
619,2018-05-02,975.0,989.35,973.65,985.15,93144
620,2018-05-03,982.5,987.45,973.65,983.75,52301
621,2018-05-04,983.5,994.95,983.5,991.6,49682
622,2018-05-07,992.5,993.9,987.0,988.5,267893
623,2018-05-08,988.5,988.5,977.5,982.5,64857
624,2018-05-09,982.5,991.0,979.05,989.5,52999
625,2018-05-10,997.4,999.15,991.8,994.85,55535
626,2018-05-11,995.0,1007.95,992.55,1005.5,94369
627,2018-05-14,1009.5,1013.35,1006.35,1010.6,59935
628,2018-05-15,1013.0,1032.45,1013.0,1019.15,420460
629,2018-05-16,1017.5,1023.8,1009.0,1012.3,74586
630,2018-05-17,1013.5,1020.5,1006.5,1013.7,39487
631,2018-05-18,1014.0,1014.0,1002.5,1006.45,114928
632,2018-05-21,1006.0,1010.95,993.0,995.95,34527
633,2018-05-22,999.5,1007.25,994.0,995.55,29737
634,2018-05-23,992.5,995.0,980.5,982.05,43586
635,2018-05-24,983.5,995.0,978.5,995.0,337440
636,2018-05-25,995.0,1008.25,995.0,1007.45,63912
637,2018-05-28,1005.0,1025.65,1005.0,1021.15,68015
638,2018-05-29,1020.0,1025.1,1015.0,1015.0,30769
639,2018-05-30,1012.5,1027.5,1010.15,1023.4,39374
640,2018-05-31,1052.35,1074.95,1040.75,1068.05,284817
641,2018-06-01,1059.4,1067.85,1050.3,1054.75,294103
642,2018-06-04,1075.0,1078.15,1019.2,1023.25,724704
643,2018-06-05,1023.0,1034.0,1012.5,1030.25,138025
644,2018-06-06,1028.05,1032.6,1023.25,1029.55,144201
645,2018-06-07,1035.0,1039.75,1027.0,1032.4,60481
646,2018-06-08,1027.0,1030.0,1018.5,1025.05,60674
647,2018-06-11,1026.5,1031.15,1020.05,1022.55,44793
648,2018-06-12,1023.75,1026.25,1019.5,1023.5,42009
649,2018-06-13,1025.5,1027.45,1013.5,1017.6,72157
650,2018-06-14,1016.5,1022.5,1015.0,1018.55,79123
651,2018-06-15,1017.0,1019.3,1010.45,1013.55,38516
652,2018-06-18,1017.85,1018.75,1006.7,1010.0,66293
653,2018-06-19,1012.5,1019.95,1009.85,1012.7,51823
654,2018-06-20,1017.5,1029.35,1012.35,1027.85,191577
655,2018-06-21,1032.5,1035.5,1024.6,1028.9,102755
656,2018-06-22,1030.0,1043.85,1024.85,1040.9,72153
657,2018-06-25,1041.0,1048.5,1037.15,1046.95,56753
658,2018-06-26,1040.0,1051.85,1040.0,1043.0,70804
659,2018-06-27,1045.0,1059.0,1044.6,1055.8,75587
660,2018-06-28,1060.0,1070.0,1056.2,1066.45,62286
661,2018-06-29,1062.5,1069.45,1052.75,1054.0,43690
662,2018-07-02,1056.65,1056.65,1032.5,1036.6,76420
663,2018-07-03,1036.5,1042.0,1032.95,1036.7,45965
664,2018-07-04,1036.2,1054.55,1035.0,1051.5,53028
665,2018-07-05,1059.9,1064.45,1046.15,1061.65,50120
666,2018-07-06,1055.5,1067.25,1055.0,1057.0,39383
667,2018-07-09,1062.2,1064.95,1054.35,1060.65,223657
668,2018-07-10,1064.0,1075.0,1062.9,1074.5,47222
669,2018-07-11,1071.6,1077.5,1067.5,1073.25,39295
670,2018-07-12,1075.5,1089.55,1075.0,1082.6,79881
671,2018-07-13,1084.5,1094.6,1080.75,1091.1,57903
672,2018-07-16,1090.0,1094.75,1081.9,1085.3,45552
673,2018-07-17,1082.5,1090.6,1082.5,1088.35,42108
674,2018-07-18,1094.0,1109.5,1086.95,1088.0,129029
675,2018-07-19,1092.5,1096.1,1085.5,1092.85,44507
676,2018-07-20,1094.5,1101.25,1085.6,1095.05,60396
677,2018-07-23,1074.0,1088.85,1070.0,1078.85,123397
678,2018-07-24,1077.5,1084.85,1075.0,1080.3,71107
679,2018-07-25,1080.55,1088.4,1080.55,1086.85,48921
680,2018-07-26,1085.0,1099.0,1085.0,1097.6,45661
681,2018-07-27,1102.5,1105.75,1092.95,1101.0,55829
682,2018-07-30,1102.05,1102.05,1081.55,1086.1,64405
683,2018-07-31,1082.35,1093.95,1076.0,1088.0,70098
684,2018-08-01,1085.0,1087.6,1075.5,1078.65,46975
685,2018-08-02,1077.0,1077.0,1060.75,1064.6,54878
686,2018-08-03,1068.1,1073.15,1057.5,1060.5,93651
687,2018-08-06,1061.5,1068.5,1053.6,1057.6,413989
688,2018-08-07,1064.45,1068.95,1054.5,1066.05,45449
689,2018-08-08,1067.45,1075.0,1067.25,1068.05,48716
690,2018-08-09,1070.0,1072.35,1049.25,1059.3,107262
691,2018-08-10,1060.0,1062.5,1050.0,1057.5,43574
692,2018-08-13,1047.5,1050.9,1038.45,1045.3,73888
693,2018-08-14,1049.25,1052.35,1043.7,1044.55,47438
694,2018-08-16,1043.7,1043.7,1033.2,1037.8,69357
695,2018-08-17,1042.5,1046.25,1035.85,1038.5,41736
696,2018-08-20,1040.0,1053.5,1040.0,1048.0,57933
697,2018-08-21,1050.0,1055.95,1046.55,1047.4,59273
698,2018-08-23,1053.75,1053.75,1039.0,1040.7,62152
699,2018-08-24,1039.0,1046.15,1033.5,1035.25,56595
700,2018-08-27,1040.85,1043.9,1035.5,1041.0,63315
701,2018-08-28,1039.7,1050.0,1039.5,1049.0,50102
702,2018-08-29,1048.5,1048.5,1036.25,1039.2,94758
703,2018-08-30,1039.2,1043.45,1030.0,1036.95,161414
704,2018-08-31,1033.55,1038.85,1027.5,1031.1,59190
705,2018-09-03,1039.3,1039.3,1031.9,1037.15,38031
706,2018-09-04,1038.0,1038.4,1024.1,1028.95,46327
707,2018-09-05,1025.05,1030.2,1017.7,1022.05,57254
708,2018-09-06,1025.0,1029.4,1016.5,1026.95,89206
709,2018-09-07,1027.0,1031.0,1020.95,1028.9,68996
710,2018-09-10,1025.0,1025.0,1013.0,1021.2,221310
711,2018-09-11,1021.0,1021.35,996.5,1000.1,130487
712,2018-09-12,1001.0,1012.25,995.0,1009.2,177405
713,2018-09-14,1012.5,1018.3,1009.3,1013.8,175218
714,2018-09-17,1010.0,1010.0,994.25,996.2,79542
715,2018-09-18,996.0,1004.85,990.35,997.2,81021
716,2018-09-19,997.35,999.15,978.5,980.95,240770
717,2018-09-21,989.6,999.45,956.9,987.5,124803
718,2018-09-24,984.0,985.85,958.05,963.1,165484
719,2018-09-25,963.0,979.5,957.5,975.85,155155
720,2018-09-26,980.0,988.85,978.25,983.55,94350
721,2018-09-27,987.5,993.9,978.85,988.95,75731
722,2018-09-28,990.0,1007.2,989.05,1002.8,126775
723,2018-10-01,1006.75,1021.55,999.8,1020.0,123224
724,2018-10-03,1016.5,1026.0,1003.75,1015.6,73830
725,2018-10-04,1005.5,1008.0,970.5,980.45,407989
726,2018-10-05,976.45,995.25,970.95,981.4,177047
727,2018-10-08,978.7,984.55,965.0,972.95,366767
728,2018-10-09,973.7,981.95,965.3,971.25,352662
729,2018-10-10,972.0,990.35,968.5,983.15,269121
730,2018-10-11,963.85,973.5,960.35,967.9,107707
731,2018-10-12,975.5,998.1,974.6,989.5,58147
732,2018-10-15,993.95,1005.0,985.45,1003.75,52598
733,2018-10-16,1003.9,1009.1,994.5,996.2,81142
734,2018-10-17,1000.0,1006.1,982.5,989.2,54970
735,2018-10-19,980.0,989.75,979.5,982.9,93286
736,2018-10-22,1006.0,1010.2,994.0,996.5,138144
737,2018-10-23,991.0,999.0,987.1,995.0,47188
738,2018-10-24,1003.0,1003.0,986.75,995.5,82268
739,2018-10-25,990.0,1001.6,981.15,983.35,89153
740,2018-10-26,985.0,988.6,975.45,980.6,100646
741,2018-10-29,981.5,981.5,947.6,962.0,251539
742,2018-10-30,962.4,965.25,949.8,956.95,413566
743,2018-10-31,956.45,958.3,942.2,955.9,2874023
744,2018-11-01,964.95,964.95,948.4,955.6,227734
745,2018-11-02,962.0,980.0,956.1,973.45,1837064
746,2018-11-05,976.5,979.45,968.55,976.0,93856
747,2018-11-06,977.0,988.0,973.5,975.55,81767
748,2018-11-07,980.6,982.2,977.0,979.2,21714
749,2018-11-09,979.0,979.5,970.0,974.8,45812
750,2018-11-12,979.1,980.6,959.75,961.65,47374
751,2018-11-13,961.75,968.85,955.15,964.55,213199
752,2018-11-14,968.0,981.8,968.0,979.2,90673
753,2018-11-15,980.0,988.0,979.2,987.0,85802
754,2018-11-16,992.0,1005.0,990.0,999.0,99464
755,2018-11-19,1005.15,1010.0,1001.8,1007.0,90602
756,2018-11-20,1007.5,1009.85,1000.0,1007.6,40888
757,2018-11-21,1008.7,1011.95,1003.0,1009.75,39968
758,2018-11-22,1007.5,1017.45,1000.1,1004.45,96612
759,2018-11-26,1005.0,1026.5,1005.0,1024.75,385170
760,2018-11-27,1022.0,1032.0,1020.4,1029.45,268680
761,2018-11-28,1032.0,1048.55,1032.0,1042.3,63838
762,2018-11-29,1053.0,1068.75,1048.0,1065.0,917163
763,2018-11-30,1067.5,1067.5,1055.5,1058.55,221933
764,2018-12-03,1061.1,1070.35,1053.65,1056.7,557291
765,2018-12-04,1057.0,1057.0,1041.0,1044.35,46302
766,2018-12-05,1040.85,1053.5,1038.1,1049.7,169154
767,2018-12-06,1043.0,1049.95,1042.5,1047.05,72795
768,2018-12-07,1050.0,1058.45,1040.5,1052.8,79538
769,2018-12-10,1035.0,1051.85,1034.55,1044.55,91365
770,2018-12-11,1030.0,1035.35,1016.05,1030.4,155312
771,2018-12-12,1032.5,1045.0,1030.15,1042.65,50181
772,2018-12-13,1045.0,1061.95,1045.0,1050.5,59325
773,2018-12-14,1055.85,1058.8,1043.5,1046.85,66283
774,2018-12-17,1054.5,1066.65,1049.6,1065.2,101830
775,2018-12-18,1064.5,1070.0,1051.5,1068.2,77003
776,2018-12-19,1069.5,1079.05,1057.2,1061.3,78084
777,2018-12-20,1059.0,1068.95,1051.35,1066.95,52599
778,2018-12-21,1067.0,1074.5,1054.0,1055.75,106387
779,2018-12-24,1055.0,1055.0,1039.55,1042.0,61679
780,2018-12-26,1042.45,1064.0,1035.3,1060.1,102242
781,2018-12-27,1069.9,1069.9,1050.65,1053.05,86110
782,2018-12-28,1057.05,1068.5,1057.05,1061.45,57336
783,2018-12-31,1068.5,1071.0,1058.5,1061.2,55832
784,2019-01-01,1061.5,1075.0,1053.5,1073.7,125895
785,2019-01-02,1072.5,1073.95,1060.05,1062.95,92891
786,2019-01-03,1063.0,1063.4,1052.95,1056.1,109198
787,2019-01-04,1055.55,1063.5,1055.55,1058.85,75603
788,2019-01-07,1062.5,1067.0,1057.1,1060.0,57516
789,2019-01-08,1062.5,1064.0,1048.8,1051.4,107933
790,2019-01-09,1060.0,1061.5,1051.5,1058.1,46406
791,2019-01-10,1058.0,1061.55,1051.75,1054.75,57866
792,2019-01-11,1057.0,1062.0,1053.5,1056.05,45199
793,2019-01-14,1057.25,1057.25,1048.5,1050.4,27271
794,2019-01-15,1052.5,1063.0,1050.0,1060.5,65660
795,2019-01-16,1060.0,1062.0,1054.45,1060.0,2892853
796,2019-01-17,1060.5,1067.4,1057.0,1064.5,172746
797,2019-01-18,1063.0,1069.85,1057.5,1065.6,50299
798,2019-01-21,1074.5,1082.5,1062.75,1073.25,180432
799,2019-01-22,1086.5,1086.5,1065.0,1067.15,64467
800,2019-01-23,1068.05,1075.0,1051.2,1054.85,79321
801,2019-01-24,1056.0,1060.8,1048.5,1050.95,131158
802,2019-01-25,1051.95,1054.85,1045.05,1046.95,115668
803,2019-01-28,1049.5,1050.45,1038.6,1041.75,715721
804,2019-01-29,1042.0,1042.0,1026.9,1029.05,137653
805,2019-01-30,1038.0,1038.0,1014.0,1016.25,130023
806,2019-01-31,1019.5,1045.0,1011.5,1040.55,101393
807,2019-02-01,1041.0,1058.5,1039.0,1045.8,167600
808,2019-02-04,1049.5,1056.5,1041.5,1053.5,77012
809,2019-02-05,1054.5,1059.5,1048.6,1057.45,103047
810,2019-02-06,1060.0,1062.6,1056.95,1061.5,79081
811,2019-02-07,1063.5,1065.0,1054.5,1058.5,63606
812,2019-02-08,1057.0,1071.4,1052.45,1061.55,72699
813,2019-02-11,1061.5,1070.0,1057.0,1068.65,352024
814,2019-02-12,1069.5,1074.15,1062.6,1064.85,39592
815,2019-02-13,1065.55,1077.15,1065.55,1070.1,62063
816,2019-02-14,1070.0,1070.0,1053.55,1054.85,72757
817,2019-02-15,1055.0,1055.0,1039.3,1050.55,72526
818,2019-02-18,1051.5,1059.6,1043.05,1044.95,43769
819,2019-02-19,1045.5,1054.35,1039.05,1042.15,39799
820,2019-02-20,1042.5,1055.0,1040.8,1053.25,66263
821,2019-02-21,1053.5,1059.5,1047.1,1057.55,51878
822,2019-02-22,1060.0,1062.45,1044.55,1045.8,240235
823,2019-02-25,1049.2,1063.75,1049.2,1061.65,66830
824,2019-02-26,1058.95,1062.0,1051.5,1055.1,61347
825,2019-02-27,1057.0,1062.35,1044.25,1045.8,77398
826,2019-02-28,1045.9,1053.0,1038.0,1041.05,63472
827,2019-03-01,1042.0,1057.45,1039.2,1041.6,117718
828,2019-03-05,1047.0,1055.3,1035.1,1053.75,110911
829,2019-03-06,1053.75,1056.55,1045.95,1051.5,264366
830,2019-03-07,1055.0,1064.9,1048.0,1061.3,60390
831,2019-03-08,1059.95,1065.4,1055.3,1063.8,58360
832,2019-03-11,1064.25,1072.0,1061.0,1065.0,74778
833,2019-03-12,1072.5,1087.45,1068.7,1085.3,129867
834,2019-03-13,1086.0,1116.5,1086.0,1113.05,300447
835,2019-03-14,1117.5,1123.6,1105.3,1111.6,90742
836,2019-03-15,1112.5,1130.0,1112.5,1125.75,106579
837,2019-03-18,1130.25,1145.45,1125.15,1130.7,220779
838,2019-03-19,1131.5,1138.0,1125.55,1133.85,238882
839,2019-03-20,1135.0,1150.0,1131.2,1149.6,142018
840,2019-03-22,1152.1,1153.35,1134.55,1137.4,115149
841,2019-03-25,1134.85,1143.85,1128.65,1141.0,530813
842,2019-03-26,1140.95,1157.5,1136.3,1155.1,190817
843,2019-03-27,1155.6,1163.35,1140.15,1150.1,143787
844,2019-03-28,1150.1,1163.5,1142.85,1150.25,131423
845,2019-03-29,1152.95,1160.9,1147.25,1158.25,110138
846,2019-04-01,1162.5,1166.15,1152.2,1155.0,524518
847,2019-04-02,1157.55,1158.3,1142.85,1148.25,69592
848,2019-04-03,1147.5,1157.7,1145.0,1147.6,52200
849,2019-04-04,1147.5,1155.5,1140.0,1142.15,66428
850,2019-04-05,1147.5,1155.5,1141.2,1150.85,65062
851,2019-04-08,1157.5,1161.45,1139.8,1144.45,45625
852,2019-04-09,1145.0,1149.8,1134.2,1145.0,40896
853,2019-04-10,1127.5,1141.75,1120.0,1121.35,1914898
854,2019-04-11,1124.5,1131.25,1118.5,1128.4,51679
855,2019-04-12,1128.35,1135.8,1125.65,1132.55,47750
856,2019-04-15,1133.05,1146.0,1132.5,1142.95,280212
857,2019-04-16,1146.15,1154.05,1140.5,1152.35,285469
858,2019-04-18,1153.0,1157.5,1142.3,1145.05,609803
859,2019-04-22,1165.0,1165.0,1132.65,1134.1,204094
860,2019-04-23,1135.1,1145.0,1121.05,1122.8,198629
861,2019-04-24,1126.95,1141.4,1123.5,1139.75,79582
862,2019-04-25,1141.5,1149.4,1129.3,1132.4,152281
863,2019-04-26,1134.95,1140.1,1128.0,1137.6,434253
864,2019-04-30,1140.05,1160.6,1139.85,1157.75,120825
865,2019-05-02,1160.5,1179.35,1160.0,1176.95,195010
866,2019-05-03,1180.6,1188.0,1180.0,1184.4,96075
867,2019-05-06,1179.0,1179.0,1160.2,1164.2,106202
868,2019-05-07,1181.5,1181.5,1161.0,1163.7,70872
869,2019-05-08,1162.0,1162.5,1144.0,1154.3,76208
870,2019-05-09,1156.5,1156.5,1135.7,1145.6,107414
871,2019-05-10,1146.0,1162.5,1145.0,1148.35,100603
872,2019-05-13,1148.35,1156.0,1140.0,1144.7,95481
873,2019-05-14,1147.5,1155.5,1137.5,1145.1,50137
874,2019-05-15,1153.4,1153.6,1141.6,1144.45,68523
875,2019-05-16,1144.0,1161.35,1140.0,1156.9,45326
876,2019-05-17,1158.95,1184.5,1155.7,1180.8,135443
877,2019-05-20,1200.0,1219.8,1190.05,1216.45,219809
878,2019-05-21,1216.5,1224.5,1199.95,1201.9,466450
879,2019-05-22,1208.75,1213.0,1197.85,1202.55,148033
880,2019-05-23,1205.0,1219.65,1160.85,1167.15,221198
881,2019-05-24,1178.0,1192.5,1170.7,1186.15,109625
882,2019-05-27,1203.0,1210.3,1186.25,1204.05,102977
883,2019-05-28,1205.1,1209.8,1194.0,1208.1,58297
884,2019-05-29,1208.0,1215.75,1205.0,1207.85,58064
885,2019-05-30,1214.95,1223.55,1206.15,1219.6,64410
886,2019-05-31,1225.05,1231.95,1179.75,1212.45,143873
887,2019-06-03,1217.25,1229.6,1213.0,1227.25,91829
888,2019-06-04,1228.5,1232.5,1221.0,1227.0,67331
889,2019-06-06,1230.0,1235.0,1207.25,1212.5,109847
890,2019-06-07,1212.5,1226.45,1205.0,1224.0,71260
891,2019-06-10,1232.5,1233.45,1217.0,1221.3,55171
892,2019-06-11,1226.5,1229.8,1220.95,1224.65,411575
893,2019-06-12,1224.35,1224.4,1212.5,1213.7,35943
894,2019-06-13,1222.5,1227.05,1207.5,1223.65,162574
895,2019-06-14,1227.45,1229.3,1212.85,1218.2,61339
896,2019-06-17,1218.5,1219.95,1208.95,1210.9,118734
897,2019-06-18,1220.0,1220.0,1201.8,1208.4,76375
898,2019-06-19,1209.15,1221.7,1208.1,1214.7,82469
899,2019-06-20,1214.7,1218.15,1208.0,1213.0,81578
900,2019-06-21,1213.0,1214.0,1203.45,1207.65,74246
901,2019-06-24,1204.0,1215.5,1204.0,1208.35,140494
902,2019-06-25,1212.0,1220.5,1201.7,1214.3,64706
903,2019-06-26,1214.25,1235.0,1211.2,1233.55,324912
904,2019-06-27,1233.5,1247.0,1228.3,1233.2,107218
905,2019-06-28,1231.0,1236.9,1219.0,1223.2,64668
906,2019-07-01,1225.55,1244.5,1225.55,1242.8,76425
907,2019-07-02,1245.0,1248.5,1233.1,1247.15,65978
908,2019-07-03,1247.55,1251.45,1242.1,1244.75,78343
909,2019-07-04,1249.95,1249.95,1236.3,1241.8,95048
910,2019-07-05,1246.0,1247.5,1230.15,1237.7,83022
911,2019-07-08,1236.2,1236.2,1198.85,1203.9,381979
912,2019-07-09,1204.4,1205.25,1186.2,1189.5,234776
913,2019-07-10,1192.45,1198.55,1182.7,1193.1,110371
914,2019-07-11,1198.5,1206.75,1197.9,1203.9,70096
915,2019-07-12,1207.6,1209.15,1193.35,1196.7,69184
916,2019-07-15,1206.45,1206.45,1188.85,1198.05,42231
917,2019-07-16,1207.4,1209.2,1191.25,1196.05,98602
918,2019-07-17,1199.4,1205.75,1195.5,1198.85,106103
919,2019-07-18,1200.0,1214.65,1200.0,1201.95,1455777
920,2019-07-19,1212.0,1212.2,1184.05,1187.95,94843
921,2019-07-22,1176.5,1176.85,1140.95,1148.5,253470
922,2019-07-23,1148.5,1148.55,1121.0,1131.95,174971
923,2019-07-24,1131.5,1146.35,1125.0,1139.9,191128
924,2019-07-25,1142.5,1157.7,1140.2,1142.9,104150
925,2019-07-26,1142.5,1146.7,1136.55,1138.15,94143
926,2019-07-29,1139.15,1139.15,1111.55,1122.3,96211
927,2019-07-30,1127.0,1135.15,1120.15,1126.65,61186
928,2019-07-31,1125.0,1133.4,1117.05,1125.9,98130
929,2019-08-01,1116.5,1120.65,1098.55,1108.9,123121
930,2019-08-02,1105.5,1111.75,1091.05,1107.45,1320102
931,2019-08-05,1100.5,1100.5,1081.15,1089.7,124057
932,2019-08-06,1084.35,1104.5,1080.0,1094.35,104654
933,2019-08-07,1094.5,1101.3,1082.9,1092.3,182826
934,2019-08-08,1095.5,1122.3,1091.6,1117.75,231726
935,2019-08-09,1124.7,1144.0,1120.05,1140.85,133210
936,2019-08-13,1141.0,1141.0,1101.3,1110.1,242429
937,2019-08-14,1123.5,1123.5,1102.05,1114.95,146895
938,2019-08-16,1110.0,1116.4,1102.5,1113.3,139301
939,2019-08-19,1117.75,1120.75,1101.05,1103.35,123061
940,2019-08-20,1106.0,1114.05,1103.5,1111.0,335588
941,2019-08-21,1108.5,1120.5,1107.35,1113.0,80280
942,2019-08-22,1113.0,1113.0,1084.0,1086.85,94266
943,2019-08-23,1080.8,1088.15,1069.75,1081.6,102065
944,2019-08-26,1102.45,1132.5,1083.75,1127.95,212103
945,2019-08-27,1129.95,1136.2,1120.4,1129.7,224325
946,2019-08-28,1127.5,1128.0,1112.6,1123.95,205832
947,2019-08-29,1124.95,1127.25,1110.5,1113.8,83620
948,2019-08-30,1117.5,1130.0,1111.6,1114.45,77767
949,2019-09-03,1112.5,1112.5,1098.2,1104.65,84545
950,2019-09-04,1105.0,1137.35,1100.0,1123.75,190384
951,2019-09-05,1127.5,1136.0,1113.45,1117.35,142498
952,2019-09-06,1116.5,1128.0,1110.5,1122.55,90412
953,2019-09-09,1127.5,1130.5,1108.1,1124.1,448361
954,2019-09-11,1135.5,1135.5,1120.95,1124.4,59676
955,2019-09-12,1125.0,1144.25,1124.5,1135.15,100760
956,2019-09-13,1126.0,1133.45,1118.65,1128.1,113340
957,2019-09-16,1128.1,1129.5,1120.3,1121.55,453156
958,2019-09-17,1127.5,1127.5,1099.15,1104.3,97989
959,2019-09-18,1107.55,1114.65,1090.0,1093.45,182487
960,2019-09-19,1099.8,1108.35,1084.4,1100.4,162587
961,2019-09-20,1108.0,1208.9,1107.1,1200.1,1334801
962,2019-09-23,1255.35,1285.0,1230.0,1258.45,957396
963,2019-09-24,1257.25,1261.65,1228.0,1255.05,600098
964,2019-09-25,1251.0,1251.05,1230.4,1239.7,493675
965,2019-09-26,1240.0,1274.95,1236.85,1242.35,373125
966,2019-09-27,1249.8,1253.0,1237.75,1244.15,181824
967,2019-09-30,1240.0,1240.0,1216.9,1227.35,225265
968,2019-10-01,1234.0,1254.0,1221.6,1248.5,338286
969,2019-10-03,1230.0,1243.75,1217.05,1223.05,264604
970,2019-10-04,1233.5,1239.85,1185.3,1188.95,310702
971,2019-10-07,1205.0,1219.45,1181.0,1187.65,538405
972,2019-10-09,1191.0,1230.3,1190.15,1228.5,310328
973,2019-10-10,1225.4,1225.5,1197.3,1199.95,185041
974,2019-10-11,1213.0,1224.1,1189.1,1198.55,213096
975,2019-10-14,1205.0,1220.0,1198.2,1203.15,158630
976,2019-10-15,1210.0,1225.0,1207.3,1222.9,128499
977,2019-10-16,1234.7,1235.5,1210.95,1221.2,158664
978,2019-10-17,1224.0,1229.5,1213.05,1220.8,138766
979,2019-10-18,1222.3,1233.85,1220.75,1229.2,224932
980,2019-10-22,1257.0,1257.0,1232.8,1238.65,355019
981,2019-10-23,1246.2,1249.35,1234.1,1241.4,144329
982,2019-10-24,1248.0,1254.55,1227.5,1235.95,242147
983,2019-10-25,1237.0,1246.75,1220.0,1228.7,1582432
984,2019-10-27,1239.5,1242.75,1235.05,1238.0,51293
985,2019-10-29,1239.7,1257.0,1237.35,1242.15,385635
986,2019-10-30,1242.15,1262.0,1242.15,1248.45,189832
987,2019-10-31,1255.0,1263.9,1227.65,1229.95,169126
988,2019-11-01,1240.0,1244.3,1228.2,1240.35,303413
989,2019-11-04,1245.0,1250.0,1229.5,1236.65,200430
990,2019-11-05,1248.0,1248.0,1230.35,1239.4,151512
991,2019-11-06,1244.9,1259.0,1228.2,1257.0,429391
992,2019-11-07,1259.75,1269.6,1249.8,1263.25,210691
993,2019-11-08,1259.75,1267.0,1251.4,1254.7,148960
994,2019-11-11,1255.0,1268.0,1251.0,1263.9,131545
995,2019-11-13,1263.9,1269.75,1254.2,1258.0,119202
996,2019-11-14,1259.5,1277.4,1257.0,1273.7,139226
997,2019-11-15,1283.0,1285.0,1271.0,1278.3,234662
998,2019-11-18,1275.0,1280.0,1259.0,1262.0,121000
999,2019-11-19,1266.0,1275.0,1262.0,1272.4,153736
1000,2019-11-20,1275.0,1282.9,1267.0,1273.55,142895
1001,2019-11-21,1271.8,1287.55,1268.2,1283.15,154828
1002,2019-11-22,1284.0,1284.0,1262.3,1265.45,116296
1003,2019-11-25,1267.05,1279.25,1265.05,1271.45,1301847
1004,2019-11-26,1274.0,1279.5,1266.7,1274.65,73616
1005,2019-11-27,1282.95,1285.8,1271.3,1278.3,86476
1006,2019-11-28,1282.0,1283.65,1262.25,1265.35,107963
1007,2019-11-29,1268.0,1279.6,1252.05,1274.25,113929
1008,2019-12-02,1275.0,1276.4,1259.25,1265.35,108042
1009,2019-12-03,1265.0,1267.6,1253.3,1255.65,73846
1010,2019-12-04,1250.15,1256.9,1234.4,1251.65,121454
1011,2019-12-05,1254.1,1259.0,1240.1,1245.45,164968
1012,2019-12-06,1255.0,1259.7,1238.5,1246.2,134365
1013,2019-12-09,1252.0,1252.0,1238.0,1242.9,109086
1014,2019-12-10,1249.0,1253.25,1245.35,1249.75,68364
1015,2019-12-11,1252.5,1254.0,1213.15,1248.7,111694
1016,2019-12-12,1254.0,1269.9,1252.0,1263.45,177483
1017,2019-12-13,1267.0,1272.0,1259.2,1262.8,93765
1018,2019-12-16,1264.3,1269.1,1248.6,1257.3,198041
1019,2019-12-17,1261.0,1275.0,1255.75,1272.25,128565
1020,2019-12-18,1276.0,1298.8,1274.15,1292.35,282588
1021,2019-12-19,1300.0,1304.1,1286.65,1288.45,132325
1022,2019-12-20,1289.4,1299.6,1280.0,1296.2,108046
1023,2019-12-23,1296.35,1303.7,1289.35,1302.3,74794
1024,2019-12-24,1302.0,1302.0,1287.0,1289.3,115983
1025,2019-12-26,1297.4,1297.4,1265.1,1271.55,106498
1026,2019-12-27,1278.0,1279.0,1270.0,1274.9,83333
1027,2019-12-30,1280.0,1288.5,1274.8,1280.85,713086
1028,2019-12-31,1286.8,1286.8,1269.0,1271.8,45369
1029,2020-01-01,1275.0,1280.4,1271.0,1279.05,44876
1030,2020-01-02,1278.0,1287.9,1277.5,1286.65,41084
1031,2020-01-03,1289.0,1289.0,1263.0,1268.1,1100857
1032,2020-01-06,1265.8,1265.8,1236.0,1241.15,574250
1033,2020-01-07,1258.3,1271.75,1252.2,1260.85,594878
1034,2020-01-08,1250.0,1261.3,1240.0,1257.05,2299367
1035,2020-01-09,1263.0,1275.8,1263.0,1270.8,143800
1036,2020-01-10,1283.0,1286.9,1275.4,1283.2,147090
1037,2020-01-13,1285.0,1296.6,1277.3,1287.25,4046429
1038,2020-01-14,1293.5,1293.5,1278.0,1289.45,4766929
1039,2020-01-15,1289.45,1289.45,1274.05,1284.05,178511
1040,2020-01-16,1283.0,1291.2,1279.4,1287.6,339085
1041,2020-01-17,1285.0,1285.0,1271.95,1277.85,185105
1042,2020-01-20,1302.75,1303.8,1252.8,1254.9,259242
1043,2020-01-21,1255.0,1255.0,1239.0,1244.15,177060
1044,2020-01-22,1249.0,1255.45,1235.0,1240.35,489687
1045,2020-01-23,1242.0,1246.65,1231.85,1245.0,130687
1046,2020-01-24,1247.7,1254.0,1239.5,1244.15,346362
1047,2020-01-27,1237.0,1237.95,1211.5,1212.9,437154
1048,2020-01-28,1225.9,1227.45,1213.25,1222.85,162574
1049,2020-01-29,1227.0,1242.0,1222.85,1235.95,446105
1050,2020-01-30,1236.0,1239.35,1217.45,1227.1,261904
1051,2020-01-31,1234.9,1237.8,1220.55,1225.7,102936
1052,2020-02-01,1218.25,1227.95,1192.0,1199.0,190380
1053,2020-02-03,1199.1,1199.1,1178.0,1193.0,206699
1054,2020-02-04,1210.0,1233.7,1199.0,1229.25,211614
1055,2020-02-05,1235.0,1248.0,1227.4,1244.2,237226
1056,2020-02-06,1248.0,1248.3,1237.45,1239.85,191275
1057,2020-02-07,1242.15,1246.7,1232.0,1241.9,106272
1058,2020-02-10,1246.7,1246.7,1226.0,1240.2,873512
1059,2020-02-11,1240.1,1255.3,1238.6,1240.05,102899
1060,2020-02-12,1244.0,1252.8,1244.0,1249.05,77888
1061,2020-02-13,1263.8,1263.8,1233.4,1241.2,1851986
1062,2020-02-14,1243.2,1249.0,1215.0,1219.25,229943
1063,2020-02-17,1225.8,1232.8,1214.05,1216.8,108348
1064,2020-02-18,1215.0,1218.0,1204.0,1213.55,102598
1065,2020-02-19,1216.0,1229.7,1214.1,1226.1,92646
1066,2020-02-20,1228.0,1228.95,1214.35,1217.3,115183
1067,2020-02-24,1214.0,1214.0,1200.3,1210.0,473035
1068,2020-02-25,1210.0,1210.0,1198.0,1200.25,119546
1069,2020-02-26,1200.0,1204.2,1186.0,1199.65,467136
1070,2020-02-27,1200.0,1202.5,1181.0,1199.35,933802
1071,2020-02-28,1179.8,1184.85,1170.1,1177.6,298612
1072,2020-03-02,1195.0,1200.05,1167.0,1182.15,478321
1073,2020-03-03,1180.0,1185.7,1168.15,1181.3,600004
1074,2020-03-04,1179.0,1179.95,1133.3,1148.95,421145
1075,2020-03-05,1154.0,1164.45,1145.0,1151.65,1468666
1076,2020-03-06,1130.0,1141.3,1101.5,1134.85,517037
1077,2020-03-09,1115.0,1117.7,1065.75,1100.5,2397687
1078,2020-03-11,1110.0,1120.0,1093.05,1112.75,4093148
1079,2020-03-12,1075.0,1078.9,1003.55,1021.7,1060386
1080,2020-03-13,977.0,1081.35,919.55,1071.15,3128531
1081,2020-03-16,1034.9,1036.85,995.1,999.05,616555
1082,2020-03-17,1002.0,1012.85,955.0,975.25,998545
1083,2020-03-18,990.0,992.75,865.1,878.5,918511
1084,2020-03-19,850.0,919.25,795.15,894.8,1214435
1085,2020-03-20,876.0,914.5,824.55,882.4,1692006
1086,2020-03-23,815.0,841.7,760.0,770.5,1978025
1087,2020-03-24,800.0,825.0,738.9,765.45,2129197
1088,2020-03-25,770.0,867.95,755.7,855.55,2434775
1089,2020-03-26,874.5,941.1,841.15,913.4,1159169
1090,2020-03-27,945.0,988.15,872.55,905.05,1519252
1091,2020-03-30,894.9,894.9,828.25,833.0,909866
1092,2020-03-31,857.0,873.0,838.0,862.0,2322469
1093,2020-04-01,869.9,869.9,820.0,829.7,737855
1094,2020-04-03,841.0,846.55,810.0,813.5,610898
1095,2020-04-07,876.0,906.05,846.0,896.35,1172817
1096,2020-04-08,887.5,945.0,866.7,888.95,1022837
1097,2020-04-09,911.1,930.1,890.3,924.3,799130
1098,2020-04-13,939.0,945.7,887.0,895.45,700611
1099,2020-04-15,929.0,929.75,843.35,863.45,1124232
1100,2020-04-16,863.0,889.6,856.1,881.05,806676
1101,2020-04-17,912.85,920.85,887.9,910.4,2840770
1102,2020-04-20,952.25,960.85,936.1,946.0,2003508
1103,2020-04-21,928.0,934.35,908.2,920.75,613947
1104,2020-04-22,918.0,932.65,907.3,928.4,429763
1105,2020-04-23,938.8,958.5,913.3,954.75,790591
1106,2020-04-24,935.0,957.95,926.1,937.65,535291
1107,2020-04-27,940.55,957.6,926.75,929.85,411563
1108,2020-04-28,941.7,943.1,922.6,931.4,571379
1109,2020-04-29,940.0,992.4,933.0,976.75,926910
1110,2020-04-30,1001.0,1018.9,992.25,1001.75,728396
1111,2020-05-04,964.0,964.0,918.0,923.05,680150
1112,2020-05-05,939.0,944.4,908.0,911.65,598519
1113,2020-05-06,919.7,950.0,905.0,946.3,893645
1114,2020-05-07,945.0,945.0,922.8,924.95,333934
1115,2020-05-08,942.0,943.05,926.0,928.95,543855
1116,2020-05-11,939.0,954.0,914.3,915.95,2910463
1117,2020-05-12,901.45,909.0,871.55,901.15,1408286
1118,2020-05-13,964.0,964.0,922.15,927.45,682671
1119,2020-05-14,899.8,910.5,890.0,893.9,566461
1120,2020-05-15,898.0,898.0,875.5,888.2,649460
1121,2020-05-18,888.6,888.6,831.25,836.4,1390096
1122,2020-05-19,858.7,867.25,826.0,831.5,770197
1123,2020-05-20,835.4,864.0,832.55,858.0,601130
1124,2020-05-21,861.2,884.05,852.4,859.8,1357769
1125,2020-05-22,850.1,870.35,833.3,838.9,898221
1126,2020-05-26,850.0,871.8,848.9,853.35,1235077
1127,2020-05-27,861.0,908.05,857.35,903.8,878059
1128,2020-05-28,917.6,950.0,913.5,945.05,1453812
1129,2020-05-29,948.0,955.0,923.45,951.25,1724302
1130,2020-06-01,970.0,995.0,968.5,986.9,577537
1131,2020-06-02,988.0,1005.0,975.4,1000.9,685663
1132,2020-06-03,1010.0,1045.0,1010.0,1022.1,630019
1133,2020-06-04,1026.0,1039.45,991.15,1003.25,793208
1134,2020-06-05,1003.0,1041.8,1002.35,1034.75,572133
1135,2020-06-08,1051.0,1066.8,1006.6,1015.45,1677455
1136,2020-06-09,1023.9,1025.0,979.35,986.95,706114
1137,2020-06-10,988.2,1000.0,978.4,991.8,1176521
1138,2020-06-11,989.0,989.0,965.1,968.65,494738
1139,2020-06-12,929.0,986.45,928.0,983.0,737606
1140,2020-06-15,972.4,973.3,942.65,950.8,922866
1141,2020-06-16,973.0,993.45,952.05,990.35,1421931
1142,2020-06-17,986.55,998.45,974.05,980.9,822825
1143,2020-06-18,980.0,1024.9,972.25,1019.75,1170646
1144,2020-06-19,1022.0,1042.7,1013.15,1033.65,717999
1145,2020-06-22,1023.0,1045.2,1023.0,1028.5,763426
1146,2020-06-23,1035.0,1045.0,1016.35,1040.85,621513
1147,2020-06-24,1045.85,1057.65,1029.7,1032.4,570032
1148,2020-06-25,1015.0,1049.0,1007.25,1028.95,807420
1149,2020-06-26,1040.0,1062.5,1027.65,1055.6,601584
1150,2020-06-29,1033.0,1082.0,1033.0,1076.4,1727403
1151,2020-06-30,1077.9,1078.75,1056.3,1065.7,435278
1152,2020-07-01,1065.7,1095.9,1061.55,1085.65,907347
1153,2020-07-02,1091.0,1110.75,1085.5,1089.7,560092
1154,2020-07-03,1090.7,1100.0,1069.8,1074.2,454526
1155,2020-07-06,1106.1,1118.85,1100.0,1102.95,912240
1156,2020-07-07,1106.05,1111.75,1093.15,1105.0,334941
1157,2020-07-08,1105.0,1124.35,1105.0,1109.35,333288
1158,2020-07-09,1115.05,1130.0,1107.15,1125.7,253015
1159,2020-07-10,1122.0,1122.0,1100.0,1105.35,277259
1160,2020-07-13,1109.0,1114.05,1071.2,1080.4,637536
1161,2020-07-14,1064.0,1069.95,1050.0,1059.2,670927
1162,2020-07-15,1066.15,1078.95,1050.35,1052.7,696569
1163,2020-07-16,1052.7,1065.55,1034.4,1062.35,319847
1164,2020-07-17,1061.45,1103.85,1059.0,1099.15,1025663
1165,2020-07-20,1142.0,1152.65,1124.65,1132.8,2047875
1166,2020-07-21,1150.0,1157.85,1135.0,1139.6,840228
1167,2020-07-22,1140.0,1141.55,1118.0,1126.4,665550
1168,2020-07-23,1125.0,1143.3,1116.45,1130.7,455724
1169,2020-07-24,1121.0,1122.25,1101.45,1118.8,687842
1170,2020-07-27,1097.85,1101.4,1075.8,1079.05,721096
1171,2020-07-28,1079.05,1094.25,1059.3,1086.25,440647
1172,2020-07-29,1083.8,1088.4,1056.0,1065.2,662076
1173,2020-07-30,1071.2,1083.35,1047.0,1050.45,907461
1174,2020-07-31,1053.55,1056.25,1020.6,1032.65,804138
1175,2020-08-03,1030.0,1030.0,994.0,1001.95,669872
1176,2020-08-04,1005.9,1059.9,1003.1,1041.4,1061469
1177,2020-08-05,1050.8,1055.6,1020.0,1027.85,483496
1178,2020-08-06,1040.0,1054.6,1026.65,1040.55,851351
1179,2020-08-07,1036.0,1047.0,1022.5,1044.0,599185
1180,2020-08-10,1041.7,1064.1,1041.7,1051.0,697679
1181,2020-08-11,1051.0,1071.0,1049.0,1067.6,781388
1182,2020-08-12,1064.0,1066.0,1048.4,1063.75,382900
1183,2020-08-13,1065.35,1071.0,1056.55,1058.95,428632
1184,2020-08-14,1068.0,1068.0,1027.6,1034.45,564768
1185,2020-08-17,1045.05,1050.0,1020.5,1033.55,535483
1186,2020-08-18,1028.1,1061.0,1021.45,1056.45,897580
1187,2020-08-19,1062.6,1069.7,1056.4,1067.4,361979
1188,2020-08-20,1054.0,1067.35,1052.35,1058.6,502138
1189,2020-08-21,1060.25,1088.25,1060.25,1085.7,441279
1190,2020-08-24,1086.0,1122.55,1086.0,1116.8,854057
1191,2020-08-25,1120.0,1127.5,1107.0,1119.85,323376
1192,2020-08-26,1120.05,1131.5,1109.6,1117.7,414800
1193,2020-08-27,1128.0,1129.65,1106.1,1111.95,202887
1194,2020-08-28,1111.95,1124.95,1095.05,1115.0,462555
1195,2020-08-31,1125.2,1148.0,1100.75,1115.2,1154504
1196,2020-09-01,1122.0,1143.55,1109.05,1127.35,402661
1197,2020-09-02,1122.05,1138.55,1120.35,1134.2,358167
1198,2020-09-03,1135.0,1145.75,1128.1,1130.7,247928
1199,2020-09-04,1106.0,1124.5,1104.55,1119.8,244820
1200,2020-09-07,1088.1,1119.95,1088.1,1109.3,334506
1201,2020-09-08,1115.8,1119.0,1104.25,1112.05,451864
1202,2020-09-09,1101.0,1111.05,1091.7,1095.7,200800
1203,2020-09-10,1105.0,1105.0,1084.0,1090.65,207916
1204,2020-09-11,1094.0,1104.95,1071.1,1078.5,342173
1205,2020-09-14,1090.0,1093.9,1053.2,1057.9,276013
1206,2020-09-15,1066.0,1076.0,1058.4,1070.9,207577
1207,2020-09-16,1069.75,1095.5,1069.75,1093.5,531136
1208,2020-09-17,1088.0,1094.35,1077.85,1083.25,612290
1209,2020-09-18,1090.0,1092.15,1047.3,1057.4,275132
1210,2020-09-21,1052.0,1071.2,1041.15,1048.7,495062
1211,2020-09-22,1050.0,1058.0,1030.0,1036.0,249691
1212,2020-09-23,1040.0,1055.0,1034.65,1047.55,361101
1213,2020-09-24,1036.5,1045.05,1025.15,1029.95,308801
1214,2020-09-25,1053.0,1053.0,1026.25,1044.05,275377
1215,2020-09-28,1050.0,1059.0,1042.9,1054.05,1177774
1216,2020-09-29,1058.9,1069.9,1051.0,1062.5,125794
1217,2020-09-30,1055.1,1086.55,1052.55,1079.2,278072
1218,2020-10-01,1085.0,1109.75,1085.0,1106.6,512547
1219,2020-10-05,1111.0,1131.45,1110.65,1114.15,258318
1220,2020-10-06,1131.7,1148.0,1126.3,1144.2,254503
1221,2020-10-07,1145.0,1164.75,1137.5,1162.0,518314
1222,2020-10-08,1175.55,1203.0,1165.0,1191.9,665198
1223,2020-10-09,1200.0,1236.95,1191.9,1233.7,1151656
1224,2020-10-12,1235.0,1242.5,1206.0,1213.4,2023511
1225,2020-10-13,1214.15,1221.5,1195.1,1198.15,201283
1226,2020-10-14,1193.3,1214.8,1175.85,1210.85,246863
1227,2020-10-15,1214.8,1216.45,1164.4,1169.15,382299
1228,2020-10-16,1182.0,1203.0,1172.95,1199.0,401346
1229,2020-10-19,1220.0,1228.8,1193.0,1203.35,820336
1230,2020-10-20,1212.0,1227.0,1205.35,1224.15,479257
1231,2020-10-21,1231.0,1250.5,1222.2,1247.05,750877
1232,2020-10-22,1242.0,1250.0,1223.0,1232.95,225318
1233,2020-10-23,1240.0,1248.0,1231.45,1235.7,117784
1234,2020-10-26,1232.0,1242.1,1205.0,1213.0,194420
1235,2020-10-27,1221.1,1235.95,1198.0,1233.3,352075
1236,2020-10-28,1230.0,1231.7,1201.35,1205.35,735522
1237,2020-10-29,1202.0,1204.0,1178.8,1188.05,220704
1238,2020-10-30,1184.0,1199.25,1176.55,1183.45,202973
1239,2020-11-02,1195.0,1224.9,1177.25,1215.5,333222
1240,2020-11-03,1225.0,1250.0,1224.95,1248.15,569341
1241,2020-11-04,1249.05,1264.55,1235.25,1257.5,487692
1242,2020-11-05,1264.0,1276.1,1259.9,1269.55,515534
1243,2020-11-06,1260.0,1309.95,1260.0,1307.75,806794
1244,2020-11-09,1311.7,1345.7,1311.7,1340.9,684306
1245,2020-11-10,1351.0,1395.0,1351.0,1393.6,817097
1246,2020-11-11,1400.0,1415.0,1370.55,1389.7,470595
1247,2020-11-12,1350.0,1388.35,1350.0,1371.9,552494
1248,2020-11-13,1369.4,1369.4,1346.7,1359.0,592025
1249,2020-11-14,1370.0,1374.95,1366.0,1369.65,65892
1250,2020-11-17,1386.55,1412.35,1380.8,1408.2,474107
1251,2020-11-18,1411.0,1418.85,1399.7,1408.5,502607
1252,2020-11-19,1400.0,1400.0,1368.0,1374.3,333963
1253,2020-11-20,1374.0,1408.0,1365.65,1403.85,256475
1254,2020-11-23,1412.0,1422.0,1375.25,1394.85,435408
1255,2020-11-24,1407.2,1445.0,1407.0,1438.65,644606
1256,2020-11-25,1450.0,1464.0,1397.25,1402.65,521830
1257,2020-11-26,1415.65,1432.0,1387.15,1426.45,513010
1258,2020-11-27,1433.45,1446.0,1415.6,1440.7,273238
1259,2020-12-01,1440.0,1448.85,1426.8,1433.55,143290
1260,2020-12-02,1432.0,1432.0,1395.45,1406.95,284792
1261,2020-12-03,1420.1,1431.6,1374.25,1377.05,735561
1262,2020-12-04,1377.0,1401.0,1373.4,1385.15,397444
1263,2020-12-07,1377.0,1379.4,1358.15,1372.15,502277
1264,2020-12-08,1377.0,1388.7,1365.55,1376.25,284977
1265,2020-12-09,1380.0,1409.9,1376.3,1405.85,408109
1266,2020-12-10,1402.0,1402.0,1375.6,1385.85,357530
1267,2020-12-11,1386.4,1395.3,1373.3,1382.2,432604
1268,2020-12-14,1382.0,1387.85,1367.75,1369.8,324067
1269,2020-12-15,1383.0,1395.0,1365.05,1390.4,278563
1270,2020-12-16,1400.0,1416.6,1394.9,1410.75,339891
1271,2020-12-17,1415.0,1444.0,1404.5,1441.4,620443
1272,2020-12-18,1435.0,1438.7,1405.65,1411.25,241345
1273,2020-12-21,1414.5,1423.8,1366.3,1372.4,450628
1274,2020-12-22,1376.0,1387.05,1345.45,1373.5,973870
1275,2020-12-23,1375.0,1381.1,1361.05,1375.75,390937
1276,2020-12-24,1387.1,1403.6,1377.0,1396.9,529123
1277,2020-12-28,1404.45,1421.15,1404.0,1412.9,221315
1278,2020-12-29,1417.3,1434.3,1417.3,1427.1,328020
1279,2020-12-30,1439.7,1439.7,1413.45,1432.85,215072
1280,2020-12-31,1433.05,1443.65,1425.0,1436.75,361540
1281,2021-01-01,1438.0,1443.15,1420.6,1424.85,207953
1282,2021-01-04,1437.35,1438.95,1399.0,1416.15,221349
1283,2021-01-05,1416.15,1430.0,1408.75,1426.2,301154
1284,2021-01-06,1448.8,1448.8,1413.55,1420.1,301131
1285,2021-01-07,1429.0,1432.0,1413.0,1416.4,164225
1286,2021-01-08,1431.0,1442.0,1423.35,1431.85,369997
1287,2021-01-11,1450.6,1465.0,1436.0,1450.8,500312
1288,2021-01-12,1450.15,1487.5,1449.55,1481.3,351771
1289,2021-01-13,1490.1,1494.0,1461.9,1470.95,290859
1290,2021-01-14,1473.0,1488.0,1456.0,1468.05,225646
1291,2021-01-15,1474.0,1474.0,1445.5,1466.35,236472
1292,2021-01-18,1472.8,1503.0,1467.95,1483.2,804650
1293,2021-01-19,1492.8,1511.0,1466.75,1503.4,714226
1294,2021-01-20,1504.95,1504.95,1486.5,1490.95,189056
1295,2021-01-21,1496.0,1496.05,1468.8,1473.9,1307764
1296,2021-01-22,1465.15,1468.25,1440.7,1443.65,165219
1297,2021-01-25,1466.0,1480.7,1455.15,1462.4,274577
1298,2021-01-27,1468.0,1471.5,1406.25,1409.8,226598
1299,2021-01-28,1388.0,1400.0,1342.0,1370.2,608749
1300,2021-01-29,1394.45,1408.8,1364.65,1390.8,262723
1301,2021-02-01,1400.0,1482.0,1400.0,1477.2,568212
1302,2021-02-02,1500.0,1578.0,1498.8,1560.4,1041906
1303,2021-02-03,1578.4,1581.4,1542.2,1575.2,371621
1304,2021-02-04,1564.15,1587.8,1543.45,1578.15,322482
1305,2021-02-05,1578.15,1618.4,1550.75,1596.85,343283
1306,2021-02-08,1616.0,1631.6,1595.6,1604.8,284156
1307,2021-02-09,1604.3,1627.8,1586.9,1612.05,256103
1308,2021-02-10,1609.0,1614.5,1567.1,1583.5,304555
1309,2021-02-11,1578.7,1594.95,1565.0,1572.4,253454
1310,2021-02-12,1572.4,1592.3,1572.4,1582.3,192602
1311,2021-02-15,1598.0,1625.0,1596.8,1616.35,416225
1312,2021-02-16,1625.0,1641.3,1608.1,1626.6,306528
1313,2021-02-17,1616.8,1621.75,1584.0,1586.3,343116
1314,2021-02-18,1606.05,1606.05,1548.1,1554.3,234099
1315,2021-02-19,1545.0,1563.75,1533.0,1538.8,205584
1316,2021-02-22,1541.0,1573.8,1539.1,1548.65,259509
1317,2021-02-23,1559.0,1559.0,1523.0,1529.15,258052
1318,2021-02-24,1517.0,1650.0,1517.0,1606.25,1879382
1319,2021-02-25,1622.0,1635.8,1601.4,1605.75,322733
1320,2021-02-26,1583.1,1588.15,1521.5,1534.35,438602
1321,2021-03-01,1568.3,1573.0,1541.15,1558.7,140759
1322,2021-03-02,1578.0,1587.0,1550.9,1566.4,183337
1323,2021-03-03,1582.0,1595.7,1565.45,1586.45,156682
1324,2021-03-04,1550.0,1570.7,1540.0,1553.2,1345946
1325,2021-03-05,1531.8,1545.45,1520.65,1529.65,323365
1326,2021-03-08,1541.0,1555.5,1512.65,1519.4,192563
1327,2021-03-09,1540.0,1565.0,1539.95,1562.65,220421
1328,2021-03-10,1570.0,1575.35,1552.45,1555.8,252386
1329,2021-03-12,1577.0,1591.75,1535.65,1551.65,372413
1330,2021-03-15,1548.05,1548.05,1515.65,1529.15,133928
1331,2021-03-16,1529.0,1540.0,1509.5,1512.8,277382
1332,2021-03-17,1518.0,1538.65,1490.0,1495.65,329993
1333,2021-03-18,1508.0,1521.8,1481.15,1490.35,284777
1334,2021-03-19,1485.0,1510.75,1474.35,1497.1,313921
1335,2021-03-22,1497.1,1497.1,1460.25,1469.3,241211
1336,2021-03-23,1475.0,1507.0,1469.35,1500.35,354818
1337,2021-03-24,1494.0,1506.45,1471.0,1479.95,424751
1338,2021-03-25,1482.5,1495.2,1450.1,1464.65,412151
1339,2021-03-26,1492.0,1499.0,1474.0,1492.2,260782
1340,2021-03-30,1504.25,1561.45,1495.2,1553.55,583033
1341,2021-03-31,1549.0,1549.0,1487.5,1493.55,411553
1342,2021-04-01,1502.0,1502.0,1469.85,1486.5,381560
1343,2021-04-05,1484.65,1484.65,1431.0,1449.0,261180
1344,2021-04-06,1455.0,1462.75,1433.5,1440.95,295274
1345,2021-04-07,1437.35,1456.5,1422.05,1447.35,369897
1346,2021-04-08,1450.35,1460.6,1430.0,1433.55,412114
1347,2021-04-09,1428.5,1431.55,1415.0,1421.65,572144
1348,2021-04-12,1399.65,1399.65,1353.1,1366.6,283656
1349,2021-04-13,1369.0,1406.3,1360.75,1400.3,231654
1350,2021-04-15,1401.0,1437.2,1392.55,1430.15,276582
1351,2021-04-16,1435.0,1444.95,1423.4,1428.45,306955
1352,2021-04-19,1395.0,1417.3,1372.65,1411.9,296637
1353,2021-04-20,1429.5,1429.5,1384.4,1390.75,311966
1354,2021-04-22,1384.0,1426.9,1371.0,1422.05,276544
1355,2021-04-23,1411.5,1434.65,1400.05,1414.3,404225
