,Date,Open,High,Low,Close,Volume
0,11/3/2015,2520,2545.55,2518.55,2542.6,35490
1,11/4/2015,2551,2551,2520.19,2529.44,29378
2,11/5/2015,2538.94,2539,2485.15,2490.75,126395
3,11/6/2015,2488,2515.6,2483,2505.75,23467
4,11/9/2015,2484,2500.6,2468.94,2475.05,121014
5,11/10/2015,2476,2478,2451.5,2461.69,99950
6,11/11/2015,2471,2480.3,2456.8,2470.55,16453
7,11/13/2015,2465,2465,2387.69,2397.3,105381
8,11/16/2015,2400,2400,2355,2374.9,71430
9,11/17/2015,2381,2398.44,2375.75,2390.5,54030
10,11/18/2015,2390.55,2390.55,2346.94,2351.9,96538
11,11/19/2015,2370,2381.25,2352.05,2363.19,158278
12,11/20/2015,2364.1,2422,2364,2395.55,50816
13,11/23/2015,2413.9,2413.9,2384.15,2391.69,31124
14,11/24/2015,2388,2391.9,2365,2370.1,27876
15,11/26/2015,2372,2381.8,2338,2345.15,44691
16,11/27/2015,2346,2357.9,2333,2352.65,64834
17,11/30/2015,2360,2381.3,2352,2365.25,44626
18,12/1/2015,2365,2378.4,2357.19,2362.15,44717
19,12/2/2015,2367,2370.94,2349,2365.25,41423
20,12/3/2015,2366,2372.55,2347.5,2350.85,68289
21,12/4/2015,2339.8,2340,2322,2330.15,82409
22,12/7/2015,2331,2345,2316.65,2324.1,81046
23,12/8/2015,2323,2348.5,2318,2329.5,106411
24,12/9/2015,2330,2371,2320.55,2365.69,86071
25,12/10/2015,2370,2392.4,2353.5,2380.75,54258
26,12/11/2015,2395,2395,2363.05,2387.25,53536
27,12/14/2015,2344.9,2384.44,2335,2377.44,134951
28,12/15/2015,2380,2384.9,2365.69,2375.19,26963
29,12/16/2015,2397.94,2414.55,2385.69,2407.1,126420
30,12/17/2015,2420,2445.75,2395.19,2440.35,68562
31,12/18/2015,2437.55,2437.55,2403.15,2416.44,160064
32,12/21/2015,2410,2448,2407.44,2440.94,36528
33,12/22/2015,2441.05,2441.05,2400.5,2405.94,34966
34,12/23/2015,2411.35,2435,2410,2420.4,24183
35,12/24/2015,2420,2435.94,2403.8,2433.35,19196
36,12/28/2015,2422,2462.9,2422,2458.5,207432
37,12/29/2015,2460,2464.5,2445,2451.94,24100
38,12/30/2015,2452,2457,2413,2418.4,27404
39,12/31/2015,2420,2448,2409,2439.19,31481
40,1/1/2016,2432.1,2436.35,2412.4,2416.25,32189
41,1/4/2016,2416.1,2416.1,2369.05,2375.5,131249
42,1/5/2016,2383,2386.35,2343.55,2350.35,73477
43,1/6/2016,2365,2384.5,2352.19,2381.19,45125
44,1/7/2016,2375,2379.69,2359.85,2370.05,66343
45,1/8/2016,2380,2409,2372.94,2397.25,34627
46,1/11/2016,2396.44,2396.44,2349.9,2363,32783
47,1/12/2016,2367.94,2367.94,2301.1,2324.05,145569
48,1/13/2016,2317,2327.94,2258,2280.3,336277
49,1/14/2016,2275,2297.5,2252.6,2278.94,122435
50,1/15/2016,2290,2291.35,2258.15,2263.5,87596
51,1/18/2016,2270,2291,2263,2282.44,72243
52,1/19/2016,2283,2293,2267.25,2279,27388
53,1/20/2016,2279,2282.5,2243.75,2277.6,59597
54,1/21/2016,2280,2286.25,2247,2261.19,52981
55,1/22/2016,2266,2301,2260,2295.25,149269
56,1/25/2016,2295.15,2338.8,2293.05,2305.94,33472
57,1/27/2016,2303.94,2327.94,2283.69,2319.6,34135
58,1/28/2016,2310,2347,2310,2330.9,35181
59,1/29/2016,2339,2398.25,2336.1,2391.19,37115
60,2/1/2016,2392,2412,2361.05,2402.19,28891
61,2/2/2016,2408,2430.5,2380,2401.5,38445
62,2/3/2016,2377,2422.9,2356.94,2417.05,41047
63,2/4/2016,2420,2437.55,2403.19,2417.44,86436
64,2/5/2016,2406.1,2439.94,2406.1,2425.85,23849
65,2/8/2016,2415,2415,2350,2368.5,43821
66,2/9/2016,2331,2332,2257,2281.44,103138
67,2/10/2016,2280,2290,2258.05,2270.05,70915
68,2/11/2016,2271.1,2285,2173.1,2196.05,61025
69,2/12/2016,2198,2242,2167.94,2226.5,69019
70,2/15/2016,2245.6,2306.5,2226.6,2269.55,754129
71,2/16/2016,2270,2281,2244.8,2267.75,26836
72,2/17/2016,2270.69,2281.9,2248.05,2278,43456
73,2/18/2016,2280.05,2319.44,2279,2315.3,31787
74,2/19/2016,2314,2325.3,2307,2320.19,18845
75,2/22/2016,2320.5,2343.44,2305.1,2314.19,407221
76,2/23/2016,2316,2320,2253.9,2265.1,183652
77,2/24/2016,2264,2264,2205.5,2218.65,47176
78,2/25/2016,2222,2238,2184.15,2212.25,59455
79,2/26/2016,2238,2256.94,2202.6,2214.69,36076
80,2/29/2016,2214,2230,2119,2181.9,143102
81,3/1/2016,2182.5,2284.5,2163.5,2275,50941
82,3/2/2016,2291.1,2330,2256.05,2319.55,49746
83,3/3/2016,2324,2389.5,2301.19,2377.3,75967
84,3/4/2016,2373,2377.94,2350,2359.05,28600
85,3/8/2016,2345,2365,2306,2354.4,32221
86,3/9/2016,2350,2368.85,2298,2356.19,43494
87,3/10/2016,2356,2356,2315.4,2348,31182
88,3/11/2016,2348,2389.9,2336.9,2366,215998
89,3/14/2016,2370,2396.9,2340,2352,27712
90,3/15/2016,2355,2356.94,2320,2329.65,23461
91,3/16/2016,2323.4,2331,2308.19,2327.35,18512
92,3/17/2016,2330.1,2361.65,2330.1,2351.75,36513
93,3/18/2016,2364.8,2435,2363,2427.25,82223
94,3/21/2016,2430,2457,2419.85,2443.65,46211
95,3/22/2016,2444,2485,2435.6,2474.05,44395
96,3/23/2016,2478,2485,2457.1,2474.7,123230
97,3/28/2016,2490,2517.95,2463,2470.45,49705
98,3/29/2016,2479.95,2486.4,2450,2467.85,29547
99,3/30/2016,2470,2503,2465,2488.35,28920
100,3/31/2016,2488,2534,2472.5,2516.05,49184
101,4/1/2016,2505.05,2520.95,2435.55,2455.4,68119
102,4/4/2016,2460,2487.8,2448,2475,33870
103,4/5/2016,2471,2484,2448,2462.65,199390
104,4/6/2016,2473,2487.5,2460.05,2476.45,37133
105,4/7/2016,2480,2483.4,2458.9,2465.1,21211
106,4/8/2016,2465.9,2466.9,2425.2,2428.7,33159
107,4/11/2016,2444,2514.45,2412.15,2506.65,54813
108,4/12/2016,2492.65,2519.25,2487.45,2512.5,30641
109,4/13/2016,2525,2543.4,2513.05,2523.15,33825
110,4/18/2016,2460,2552.9,2450.1,2522.4,226212
111,4/20/2016,2535,2535,2442,2451.9,241795
112,4/21/2016,2460,2466.9,2415,2423.2,89633
113,4/22/2016,2419,2434.95,2404.95,2417.2,69723
114,4/25/2016,2414,2454,2406,2448.3,65967
115,4/26/2016,2450,2492.8,2442.75,2491.45,64751
116,4/27/2016,2482,2511.25,2477.8,2505.55,44773
117,4/28/2016,2505,2536.35,2500,2526.95,74071
118,4/29/2016,2515.05,2539.6,2511.5,2530.05,355505
119,5/2/2016,2530,2530,2500.05,2525.15,22826
120,5/3/2016,2520,2530,2475.1,2480.25,69518
121,5/4/2016,2470,2492.1,2457.95,2478,31053
122,5/5/2016,2480.5,2490.4,2465,2474,46920
123,5/6/2016,2470,2484,2432,2472.15,27222
124,5/9/2016,2472.5,2519.9,2458.65,2515.35,46674
125,5/10/2016,2514,2532.85,2497.1,2523.6,21975
126,5/11/2016,2501,2524,2488.05,2518.05,48506
127,5/12/2016,2522,2570,2522,2567.05,55056
128,5/13/2016,2565,2565,2512,2527,47347
129,5/16/2016,2526,2563.95,2524.2,2548,27804
130,5/17/2016,2555.5,2590.85,2553,2570.2,53314
131,5/18/2016,2565,2565.4,2527.7,2550.45,32458
132,5/19/2016,2550,2559.9,2527.75,2555,42294
133,5/20/2016,2550,2565,2526,2532.05,82126
134,5/23/2016,2532,2547.75,2481,2491.7,189427
135,5/24/2016,2483.9,2488,2461,2467.5,113001
136,5/25/2016,2488.65,2532,2488.65,2526.7,75643
137,5/26/2016,2528,2569,2506.3,2552.8,56286
138,5/27/2016,2561,2580,2550,2572.05,61210
139,5/30/2016,2585,2643,2585,2635.35,65805
140,5/31/2016,2636,2645.45,2570,2575.1,47427
141,6/1/2016,2576,2642.55,2571.85,2625,63818
142,6/2/2016,2630,2651,2609,2646.9,32401
143,6/3/2016,2651,2658.6,2620.6,2630.85,36021
144,6/6/2016,2615,2639.85,2605,2611.35,31912
145,6/7/2016,2618.05,2638.9,2615,2621,18159
146,6/8/2016,2626.45,2627.5,2606.95,2611.1,18220
147,6/9/2016,2624.6,2624.6,2558,2577.5,40518
148,6/10/2016,2560,2602.1,2556,2560.95,30333
149,6/13/2016,2550,2555.65,2521,2551.95,36494
150,6/14/2016,2550,2556.9,2518.25,2538,36002
151,6/15/2016,2530,2563.7,2523.6,2555.05,37800
152,6/16/2016,2547.45,2564.8,2517.8,2557.1,31998
153,6/17/2016,2560,2609.8,2560,2607.25,42507
154,6/20/2016,2595.95,2662.95,2595.9,2655.7,113700
155,6/21/2016,2660,2661,2640,2643.55,43366
156,6/22/2016,2648,2675.45,2634,2660.05,55548
157,6/23/2016,2654,2657.95,2625.8,2644.3,40411
158,6/24/2016,2564.8,2592,2517.1,2570.7,152674
159,6/27/2016,2548,2548,2484.15,2495.35,104578
160,6/28/2016,2495.5,2502,2455,2461.8,93375
161,6/29/2016,2477.8,2509,2467,2499.6,58335
162,6/30/2016,2514,2563.8,2500.55,2550.8,185604
163,7/1/2016,2557.25,2571,2495,2501.8,48620
164,7/4/2016,2502,2524.75,2490,2490,52738
165,7/5/2016,2497,2497.6,2477,2482.7,30330
166,7/6/2016,2730,2730,2730,2730,10026
167,7/7/2016,2485,2492.9,2425,2429.05,73807
168,7/8/2016,2443,2443,2404.5,2425.5,114145
169,7/11/2016,2436,2469,2427.6,2463.65,50568
170,7/12/2016,2470.7,2476.65,2437,2461.5,31008
171,7/13/2016,2470,2498,2451.55,2491.4,56206
172,7/14/2016,2488.9,2526.85,2472.05,2520.3,91140
173,7/15/2016,2520,2528,2429,2441.9,289461
174,7/18/2016,2449,2470,2430.1,2433.5,91361
175,7/19/2016,2447,2467,2433.6,2461.55,38425
176,7/20/2016,2450,2499,2448.05,2493.25,58240
177,7/21/2016,2490,2515,2467.1,2501.25,49200
178,7/22/2016,2480,2520.9,2480,2509.15,42665
179,7/25/2016,2508.5,2555,2507.05,2551.55,62922
180,7/26/2016,2555,2563,2531.3,2548.3,42811
181,7/27/2016,2548.3,2580,2548.3,2576.1,56326
182,7/28/2016,2577,2626.6,2577,2615.55,60293
183,7/29/2016,2614,2632,2599.2,2618.55,42324
184,8/1/2016,2634.7,2720,2634.7,2698,153448
185,8/2/2016,2696,2716,2689.05,2692.1,155865
186,8/3/2016,2694,2694,2648.85,2648.85,66146
187,8/4/2016,2666,2682.05,2638.95,2652.65,55125
188,8/5/2016,2660,2682.1,2633,2648.9,101443
189,8/8/2016,2640,2666.8,2631.45,2651.9,34581
190,8/9/2016,2610,2659,2610,2650.55,50237
191,8/10/2016,2650.2,2680,2647,2673.9,57382
192,8/11/2016,2670,2715,2669.5,2702,34262
193,8/12/2016,2705.95,2740,2705.95,2732.35,41589
194,8/16/2016,2736,2739,2674,2691.45,34711
195,8/17/2016,2695,2695,2618,2623.9,48591
196,8/18/2016,2632.3,2657,2631,2636.7,16658
197,8/19/2016,2647.8,2647.8,2600,2603.95,31877
198,8/22/2016,2590,2593.5,2540,2551.45,42003
199,8/23/2016,2549,2606,2540,2603.2,44824
200,8/24/2016,2600,2601,2568.1,2571.9,37777
201,8/25/2016,2585,2589.2,2529,2550.1,47947
202,8/26/2016,2555.1,2571.55,2521.05,2529.15,27476
203,8/29/2016,2533.95,2533.95,2471.15,2501.6,58675
204,8/30/2016,2510,2574.75,2501.6,2548.7,34075
205,8/31/2016,2547,2547,2501,2513,36746
206,9/1/2016,2530,2530,2489.95,2507.6,25833
207,9/2/2016,2511.15,2519,2499.1,2513.5,31024
208,9/6/2016,2514,2544,2481,2484.05,260330
209,9/7/2016,2490,2496.2,2424,2447,146559
210,9/8/2016,2360,2360,2287,2321.15,301812
211,9/9/2016,2330,2366,2320,2352.5,95555
212,9/12/2016,2320,2364.6,2320,2359.1,70631
213,9/14/2016,2360,2374.95,2311.05,2328.55,132832
214,9/15/2016,2338.5,2344.5,2318,2328.05,121657
215,9/16/2016,2337.45,2376.95,2320,2361.15,197657
216,9/19/2016,2361.5,2422.95,2350.35,2407.35,85800
217,9/20/2016,2411.45,2419.9,2385,2411.1,37554
218,9/21/2016,2410.9,2421.4,2401.05,2413.5,842921
219,9/22/2016,2428.5,2428.5,2371,2377.65,234530
220,9/23/2016,2384.95,2401.5,2375,2397.3,441044
221,9/26/2016,2410,2416.9,2397,2400.85,279411
222,9/27/2016,2405,2444,2405,2430.7,39883
223,9/28/2016,2432,2436,2415,2423.45,127256
224,9/29/2016,2435.6,2449.6,2419.45,2434.6,350364
225,9/30/2016,2437,2448,2425,2427.2,174772
226,10/3/2016,2448,2455,2401.3,2411.8,91746
227,10/4/2016,2421.1,2422.2,2395.05,2401.1,759540
228,10/5/2016,2409.5,2413.4,2376,2382.55,46389
229,10/6/2016,2390.4,2397.55,2372,2384.25,45553
230,10/7/2016,2388,2388,2356.9,2368.25,44282
231,10/10/2016,2375,2385,2352.8,2377.55,82486
232,10/13/2016,2360,2367.6,2323.25,2328.5,396220
233,10/14/2016,2318.9,2384.4,2298.95,2365.9,181819
234,10/17/2016,2366,2377,2348.35,2362.9,57080
235,10/18/2016,2375,2410,2355,2398.3,73582
236,10/19/2016,2401,2401,2371.2,2385.05,54081
237,10/20/2016,2396.7,2408.75,2386,2399.85,27515
238,10/21/2016,2398,2431.25,2398,2427,43210
239,10/24/2016,2428,2430.55,2404,2427.85,20032
240,10/25/2016,2400,2414.4,2393.95,2398.65,34751
241,10/26/2016,2398,2403.95,2373,2396.95,41869
242,10/27/2016,2380,2425,2366.9,2413.25,54285
243,10/28/2016,2414.8,2414.8,2383,2399.25,34619
244,10/30/2016,2400,2424,2390,2394.6,7363
245,11/1/2016,2394.6,2394.6,2335.05,2347.7,37602
246,11/2/2016,2340,2340,2296.15,2304.45,662819
247,11/3/2016,2295,2333,2284,2319.95,52003
248,11/4/2016,2310,2336,2294.95,2330.1,63214
249,11/7/2016,2336.4,2339,2263.1,2279.35,137469
250,11/8/2016,2280,2307.5,2262.3,2283.7,66074
251,11/9/2016,2199,2275,2142.35,2171.05,378587
252,11/10/2016,2204,2219,2142,2158.05,75830
253,11/11/2016,2145,2145,2091,2105.05,85772
254,11/15/2016,2125,2156.4,2054.7,2122.1,60564
255,11/16/2016,2144.55,2209.5,2138.05,2190.25,509646
256,11/17/2016,2190.25,2204,2136,2142.15,63285
257,11/18/2016,2145,2149.05,2106.5,2123.15,47549
258,11/21/2016,2129.25,2141,2108.5,2132.55,42380
259,11/22/2016,2133,2174,2121.65,2134.3,40345
260,11/23/2016,2144,2162.3,2129.6,2156.7,368854
261,11/24/2016,2151,2208,2140,2198,264521
262,11/25/2016,2209,2308,2196.1,2300.85,153868
263,11/28/2016,2295,2317.7,2254.4,2277.3,64442
264,11/29/2016,2277.3,2290.25,2251.35,2258.4,35397
265,11/30/2016,2262.5,2295,2245.05,2276.75,48142
266,12/1/2016,2276.5,2290,2256.65,2266.45,34442
267,12/2/2016,2260,2269.9,2208,2223.9,40612
268,12/5/2016,2221,2235.15,2173,2186.45,37983
269,12/6/2016,2199,2204,2177,2178,45752
270,12/7/2016,2190,2190,2151,2158.2,66096
271,12/8/2016,2160,2200,2160,2196.9,62747
272,12/9/2016,2215,2220.95,2175.15,2193.45,53141
273,12/12/2016,2197.1,2215.5,2166,2206.25,217687
274,12/13/2016,2220,2220,2185,2200.85,40733
275,12/14/2016,2207.7,2223,2190,2207.9,56229
276,12/15/2016,2207,2271.5,2201.3,2259.5,106131
277,12/16/2016,2271.5,2286,2262.45,2281.75,44647
278,12/19/2016,2281.75,2296,2262.9,2281.5,27512
279,12/20/2016,2300,2344,2287.45,2337.75,64658
280,12/21/2016,2345,2345,2305,2312.75,31707
281,12/22/2016,2309.9,2324.7,2286,2309.85,42989
282,12/23/2016,2309,2315.7,2280,2290.2,28276
283,12/26/2016,2278,2300,2272.5,2294,30731
284,12/27/2016,2290,2329,2288.85,2321.85,31080
285,12/28/2016,2325,2349,2308.05,2315.8,33696
286,12/29/2016,2304.9,2355,2304.9,2350.75,41554
287,12/30/2016,2351.9,2375.5,2351.9,2361.95,41479
288,1/2/2017,2365,2375,2352.9,2359.05,25130
289,1/3/2017,2365,2371.35,2344.05,2368.5,49245
290,1/4/2017,2370.95,2386,2358.9,2378.55,25671
291,1/5/2017,2382,2387,2325,2334.55,58559
292,1/6/2017,2320,2329.8,2257,2283.6,264484
293,1/9/2017,2280,2310,2257.05,2308.5,40433
294,1/10/2017,2322,2328.3,2289,2313.5,106617
295,1/11/2017,2306,2328,2282,2323.05,47233
296,1/12/2017,2324,2359.75,2303.05,2343.3,107161
297,1/13/2017,2355,2355.9,2242.7,2252,456961
298,1/16/2017,2250,2273.9,2230,2258.55,144730
299,1/17/2017,2258,2287,2252.55,2277.65,37919
300,1/18/2017,2279,2297,2267,2295,119113
301,1/19/2017,2297,2297,2283,2290.05,66991
302,1/20/2017,2284,2299.9,2266,2287.45,30986
303,1/23/2017,2260,2311,2260,2305.7,85605
304,1/24/2017,2306,2324,2294.5,2318,116887
305,1/25/2017,2320,2359.95,2320,2352.7,57398
306,1/27/2017,2348,2377.3,2347.95,2355,44865
307,1/30/2017,2338,2348.05,2322.05,2337,90386
308,1/31/2017,2322,2330.1,2206.7,2229.9,223883
309,2/1/2017,2224.35,2239.95,2162,2169.45,304718
310,2/2/2017,2173,2218.9,2154.95,2205.8,146440
311,2/3/2017,2210,2242,2192,2233.75,80203
312,2/6/2017,2251.55,2254.4,2216,2240.55,68519
313,2/7/2017,2242,2250,2226.95,2247,61117
314,2/8/2017,2243.05,2281,2243.05,2262.65,86098
315,2/9/2017,2270,2330.9,2269,2324.25,492207
316,2/10/2017,2322,2420.45,2314.05,2396.7,121516
317,2/13/2017,2395,2425,2382.75,2410.3,89326
318,2/14/2017,2410.3,2415,2396.5,2402.95,57073
319,2/15/2017,2401.5,2427,2378.35,2415.7,62426
320,2/16/2017,2460,2477,2436.3,2446.9,151010
321,2/17/2017,2468.5,2474,2402.15,2408.15,85904
322,2/20/2017,2425,2555,2412.85,2506.5,198006
323,2/21/2017,2519,2525,2455.2,2464.3,323885
324,2/22/2017,2469,2471.45,2402,2409.55,128759
325,2/23/2017,2410,2491,2410,2481.65,115318
326,2/27/2017,2480,2500,2473.05,2488.9,60906
327,2/28/2017,2488.9,2491.25,2451.55,2466.5,37775
328,3/1/2017,2472.65,2501,2471.4,2480.05,39981
329,3/2/2017,2481.15,2510,2479.1,2501.15,110077
330,3/3/2017,2487.55,2499.5,2476,2492.35,34818
331,3/6/2017,2475,2482.45,2455,2470.65,208634
332,3/7/2017,2482,2507.45,2476.5,2500.7,48688
333,3/8/2017,2499,2520,2492,2513.9,79532
334,3/9/2017,2515,2524.9,2503.5,2519.55,77480
335,3/10/2017,2521,2548.5,2519.5,2541.8,67029
336,3/14/2017,2551,2584,2550,2562.35,395661
337,3/15/2017,2570,2570,2496.05,2500.3,60544
338,3/16/2017,2523,2525,2506.5,2518.95,33932
339,3/17/2017,2548,2548,2512.45,2526.85,179229
340,3/20/2017,2521.75,2523.4,2467.05,2480.8,54187
341,3/21/2017,2480.8,2491.65,2466,2486.15,47788
342,3/22/2017,2474.2,2495,2470,2470,55740
343,3/23/2017,2478,2485.5,2448.5,2458.9,64357
344,3/24/2017,2470,2470,2423.7,2426.75,152812
345,3/27/2017,2430,2441,2407,2412.1,81744
346,3/28/2017,2418,2441.85,2418,2429.85,30985
347,3/29/2017,2431,2447,2426.55,2443.75,30172
348,3/30/2017,2443.75,2465,2435,2443.75,61961
349,3/31/2017,2439,2440,2414.85,2423,83943
350,4/3/2017,2435,2435,2410,2413.3,28353
351,4/5/2017,2417,2418.5,2395,2402.85,39272
352,4/6/2017,2395.55,2410.05,2390,2399.75,23060
353,4/7/2017,2398,2430,2395,2427.1,37905
354,4/10/2017,2438.3,2448,2408.1,2410,48766
355,4/11/2017,2412.85,2442,2410,2420.8,24265
356,4/12/2017,2419.15,2427,2383.65,2394.2,30762
357,4/13/2017,2397,2408,2321.35,2327.85,108494
358,4/17/2017,2333.05,2333.05,2300,2320.85,47801
359,4/18/2017,2332.7,2332.7,2302.5,2308.65,77717
360,4/19/2017,2259,2348.45,2255,2301.75,217145
361,4/20/2017,2310,2333.45,2292,2328.35,60531
362,4/21/2017,2330,2335.45,2302,2311.2,23329
363,4/24/2017,2295,2337.05,2283.9,2329.1,54651
364,4/25/2017,2330,2343.3,2303,2311.3,43042
365,4/26/2017,2340.15,2340.15,2304,2310.45,153958
366,4/27/2017,2311,2329.65,2285.05,2301.4,158805
367,4/28/2017,2302,2302,2265.3,2272.1,100693
368,5/2/2017,2288.7,2301.5,2280.1,2291.95,138870
369,5/3/2017,2298.95,2343.5,2271.45,2337.4,127612
370,5/4/2017,2348,2348,2311,2327.1,334408
371,5/5/2017,2302.05,2331.8,2302.05,2319.95,171395
372,5/8/2017,2325,2346.9,2318,2341.9,34139
373,5/9/2017,2342.35,2362,2334.2,2352.75,41714
374,5/10/2017,2352.75,2356,2316,2325,35940
375,5/11/2017,2340,2359.65,2323.6,2351.25,32181
376,5/12/2017,2346,2369,2322.7,2363,168383
377,5/15/2017,2375,2375,2340.75,2364.4,26340
378,5/16/2017,2382.6,2434.8,2375.5,2427.25,589310
379,5/17/2017,2433.95,2460,2424,2451.35,124640
380,5/18/2017,2451,2565.75,2443.05,2534.1,288156
381,5/19/2017,2545,2545,2485.2,2506.8,53103
382,5/22/2017,2512,2550,2510.1,2529.3,48257
383,5/23/2017,2534,2560.6,2514,2520.45,49546
384,5/24/2017,2525.25,2570,2525.25,2557.8,137191
385,5/25/2017,2572,2633,2567.55,2619.95,395468
386,5/26/2017,2636,2636,2571.05,2579.3,346966
387,5/29/2017,2579,2595.85,2562.3,2571.5,50066
388,5/30/2017,2566,2574.1,2525.6,2551.7,48794
389,5/31/2017,2535.05,2571.55,2529.05,2544.35,50116
390,6/1/2017,2538.65,2562.2,2534.2,2550.45,47132
391,6/2/2017,2560,2589,2550.95,2561.85,41953
392,6/5/2017,2565,2620,2560,2601.05,72208
393,6/6/2017,2640,2707.4,2639.95,2695.4,153672
394,6/7/2017,2700,2700,2581,2615.35,195319
395,6/8/2017,2591,2603.95,2517.7,2521.5,181203
396,6/9/2017,2516,2545.5,2489,2510.25,102892
397,6/12/2017,2499.9,2514,2472.4,2489.9,837196
398,6/13/2017,2465,2481.5,2450,2453.4,58004
399,6/14/2017,2455,2477,2455,2470.8,63778
400,6/15/2017,2469.95,2469.95,2406.05,2411.1,77680
401,6/16/2017,2415,2434.9,2389.5,2397.45,72810
402,6/19/2017,2410,2442.85,2406.55,2431.9,48128
403,6/20/2017,2429,2445,2383.1,2441.5,39445
404,6/21/2017,2440,2440,2398,2406.05,46125
405,6/22/2017,2412,2430.1,2388.9,2395.75,57759
406,6/23/2017,2403,2413,2353,2360.65,46733
407,6/27/2017,2360.65,2386.35,2335,2345.9,47798
408,6/28/2017,2345.6,2358.3,2335.15,2351.2,41424
409,6/29/2017,2364.3,2370.8,2325,2334.65,40484
410,6/30/2017,2327.45,2377.85,2326,2364.35,54732
411,7/3/2017,2362,2382.95,2345.5,2372,36182
412,7/4/2017,2369.05,2381.4,2351.5,2364,28089
413,7/5/2017,2361.1,2363.5,2346.3,2357.75,20786
414,7/6/2017,2356,2361.3,2340,2344.8,31121
415,7/7/2017,2354.6,2356,2325,2332.2,54902
416,7/10/2017,2341.55,2452,2336.4,2440.85,675366
417,7/11/2017,2432.1,2513.4,2426.85,2471.9,144813
418,7/12/2017,2487,2487,2431.3,2439.1,45731
419,7/13/2017,2443,2471,2427.15,2444.05,68457
420,7/14/2017,2379.85,2422.35,2376.2,2398.8,209922
421,7/17/2017,2406,2420.65,2384,2396,34545
422,7/18/2017,2400,2440,2398,2405.25,88534
423,7/19/2017,2418,2457.9,2417.3,2450.45,41893
424,7/20/2017,2445,2457.4,2431,2439.45,23092
425,7/21/2017,2439.8,2499,2439.8,2490.9,43547
426,7/24/2017,2480,2539.2,2479.9,2532.65,57594
427,7/25/2017,2525.35,2580,2517.7,2570.65,51524
428,7/26/2017,2570,2573,2547,2554.8,37625
429,7/27/2017,2550,2583.7,2469.05,2484.35,59988
430,7/28/2017,2480,2488.55,2443.85,2482.75,42530
431,7/31/2017,2477.05,2516,2464.9,2488,42427
432,8/1/2017,2494.1,2518.9,2488.3,2489,26028
433,8/2/2017,2494.3,2501.85,2458,2467.35,21255
434,8/3/2017,2477.5,2501.45,2472,2489.55,453594
435,8/4/2017,2490,2528,2487.45,2522.75,29330
436,8/7/2017,2522.75,2522.75,2484,2500,30962
437,8/8/2017,2507.15,2526,2486,2497.8,20791
438,8/9/2017,2499.3,2521.45,2495.1,2501.95,18445
439,8/10/2017,2504.7,2520,2486.5,2511.25,23625
440,8/11/2017,2510.85,2533,2485,2494,38473
441,8/14/2017,2505.45,2505.6,2460.05,2469.15,14475
442,8/16/2017,2489.9,2546.95,2466.85,2494.9,36332
443,8/17/2017,2500,2500,2462,2480.15,21641
444,8/18/2017,2476.65,2546.45,2470.95,2512.85,141923
445,8/21/2017,2506.15,2542,2495,2521.4,35705
446,8/22/2017,2519.9,2538,2491,2500,18022
447,8/23/2017,2520,2520,2475.65,2493,12770
448,8/24/2017,2493,2515,2488,2495,13847
449,8/28/2017,2496,2501.95,2464,2485.85,21433
450,8/29/2017,2482,2493.9,2466,2474.95,17771
451,8/30/2017,2487.9,2491.4,2461,2486.75,19972
452,8/31/2017,2483.45,2500,2468,2496.75,228279
453,9/1/2017,2476,2476,2440,2463.2,38616
454,9/4/2017,2456.45,2462.75,2440.2,2457.8,62768
455,9/5/2017,2450,2482.5,2440,2476,27556
456,9/6/2017,2474.95,2474.95,2452,2456.45,14382
457,9/7/2017,2457,2467,2452.35,2458.95,18967
458,9/8/2017,2458.95,2475,2453.95,2472,28066
459,9/11/2017,2474,2480.55,2456.2,2463.55,49710
460,9/12/2017,2472.65,2494.45,2457,2486.8,26013
461,9/13/2017,2500,2528.05,2475.35,2488.1,62997
462,9/14/2017,2489,2497.45,2473,2480.4,35434
463,9/15/2017,2495,2514.45,2487.6,2498.55,48080
464,9/18/2017,2505,2516.9,2491.1,2499.05,22330
465,9/19/2017,2499.05,2502.55,2492.5,2498.3,13317
466,9/20/2017,2502,2505,2478.05,2491.35,17967
467,9/21/2017,2487.5,2539.7,2479.95,2525.85,29874
468,9/22/2017,2521,2525.9,2495.2,2502.35,25498
469,9/25/2017,2502,2531.95,2495,2508.2,43098
470,9/26/2017,2508.2,2526,2468,2474.9,62103
471,9/27/2017,2491.05,2507.95,2474.1,2490.15,330898
472,9/28/2017,2495,2511.05,2452.85,2478.45,107850
473,9/29/2017,2476,2483.45,2420.65,2437,95364
474,10/3/2017,2444,2455.45,2428,2448,166457
475,10/4/2017,2452,2452,2429,2442.55,132415
476,10/5/2017,2442,2442.55,2425,2430.15,112284
477,10/6/2017,2428,2454.05,2427.6,2445.15,24208
478,10/9/2017,2448,2467,2442.6,2452.55,20459
479,10/10/2017,2459,2470.6,2452.1,2452.1,144370
480,10/11/2017,2460,2513.35,2457.7,2500.5,127184
481,10/12/2017,2509,2555,2507.55,2548.55,186877
482,10/13/2017,2555,2605.6,2527.55,2556.75,93513
483,10/16/2017,2556.75,2590,2556,2585.1,42996
484,10/17/2017,2586,2612.95,2581.1,2595,31166
485,10/18/2017,2594,2611.9,2580,2589.05,16133
486,10/19/2017,2590,2594.95,2570.85,2581,5143
487,10/23/2017,2581,2625,2575.6,2585.95,91430
488,10/24/2017,2613.3,2619,2570.45,2580.55,14591
489,10/25/2017,2581,2611,2558.75,2561.75,13157
490,10/26/2017,2542,2566.4,2525.6,2543,23932
491,10/27/2017,2545,2590,2534.4,2582,29651
492,10/30/2017,2580,2618,2580,2613,42748
493,10/31/2017,2613,2634.9,2600.35,2616.3,35800
494,11/1/2017,2622,2622,2581.1,2601.2,25353
495,11/2/2017,2605,2669.5,2605,2615,40429
496,11/3/2017,2628,2635,2604.25,2612.7,17951
497,11/6/2017,2614,2672.95,2610.2,2667,37160
498,11/7/2017,2672,2743,2668,2708.35,116036
499,11/8/2017,2721.8,2752.7,2719.65,2722,30591
500,11/9/2017,2744.2,2746.95,2713.55,2733.85,31389
501,11/10/2017,2722.6,2729.95,2695.5,2703.3,9059
502,11/13/2017,2700,2774,2700,2758.9,67364
503,11/14/2017,2757.95,2757.95,2706.55,2711,29721
504,11/15/2017,2710.4,2749.95,2702.8,2706.15,24591
505,11/16/2017,2707,2761,2690.1,2746.6,66109
506,11/17/2017,2747,2747,2706,2710.1,15038
507,11/20/2017,2724.45,2725.65,2697,2704.65,24222
508,11/21/2017,2704.75,2704.75,2670,2677.1,16157
509,11/22/2017,2674,2709.4,2673,2680.45,73742
510,11/23/2017,2684.95,2694.25,2672.65,2682.25,16585
511,11/24/2017,2674,2706,2674,2688.75,21173
512,11/27/2017,2689.1,2691.4,2665.2,2687.05,17735
513,11/28/2017,2697.5,2697.5,2672.25,2681.15,82373
514,11/29/2017,2671.8,2692,2651,2658.55,13812
515,11/30/2017,2655,2668.55,2625,2634.25,18252
516,12/1/2017,2637,2668.95,2625,2630.55,24310
517,12/2/2017,2630,2893,2367.5,2800,1807694
518,12/4/2017,2631,2658.6,2603.7,2633.35,17516
519,12/5/2017,2629,2649,2627.35,2633.8,11722
520,12/6/2017,2634,2640,2613.9,2631,9712
521,12/7/2017,2631.45,2644.55,2615.05,2617.65,17334
522,12/8/2017,2617.65,2644,2595.05,2598.95,19194
523,12/11/2017,2605,2667,2605,2662,16907
524,12/12/2017,2655,2659.1,2605.1,2614.15,31892
525,12/13/2017,2609,2647.55,2600.05,2632,27926
526,12/14/2017,2630,2630,2531,2558.55,56709
527,12/15/2017,2560,2587.3,2540.35,2547.85,35266
528,12/18/2017,2533,2585.2,2496.9,2575,44034
529,12/19/2017,2580,2597.4,2567.5,2575.05,26441
530,12/20/2017,2575,2592,2551,2588,156936
531,12/21/2017,2590,2606.9,2575,2580,17025
532,12/22/2017,2600.05,2659.9,2590,2639.8,90820
533,12/26/2017,2678,2687.55,2635,2642.8,66571
534,12/27/2017,2640,2657.95,2611.05,2618,15995
535,12/28/2017,2601.2,2650,2601.2,2628.85,32201
536,12/29/2017,2622,2711.7,2621.15,2700.4,93555
537,1/1/2018,2690.5,2692.5,2642.85,2654.65,36101
538,1/2/2018,2677.45,2677.45,2622.7,2633.75,22784
539,1/3/2018,2634,2664.05,2630.55,2635.2,20040
540,1/4/2018,2647.85,2656.05,2640.4,2651,14559
541,1/5/2018,2651,2694,2651,2684.45,49141
542,1/8/2018,2698,2720,2681.45,2704,28347
543,1/9/2018,2712.35,2722.9,2678.9,2704,41777
544,1/10/2018,2712,2816,2697.55,2807.1,98122
545,1/11/2018,2820,2820,2782.15,2788.4,70315
546,1/12/2018,2803,2803,2744,2772.9,85941
547,1/15/2018,2780,2803.05,2736.15,2747.2,32498
548,1/16/2018,2753.9,2860,2753.9,2850.85,138886
549,1/17/2018,2857,2925,2857,2889.45,152936
550,1/18/2018,2895,2925,2866.6,2910.1,52949
551,1/19/2018,2925,2975,2903.05,2954.75,54717
552,1/22/2018,2960,3130,2924,3113.15,221930
553,1/23/2018,3115,3137.75,3092.6,3100,307176
554,1/24/2018,3095,3254.7,3080,3174.6,381170
555,1/25/2018,3177,3177,3081.2,3117.85,87222
556,1/29/2018,3118,3224,3118,3195.1,79681
557,1/30/2018,3155,3199.15,3145,3153.7,44353
558,1/31/2018,3131,3147.1,3101,3111.75,150784
559,2/1/2018,3120,3189,3091.55,3150,63731
560,2/2/2018,3113.5,3190,3105.65,3149.15,255102
561,2/5/2018,3111,3185.9,3078.35,3106.5,231259
562,2/6/2018,3003,3077.85,2985.8,2995.35,519634
563,2/7/2018,3020.05,3036.6,2950,2955.35,125749
564,2/8/2018,2971.05,3026.75,2957.2,2966.25,1271404
565,2/9/2018,2959,2991.75,2902.5,2972.3,59101
566,2/12/2018,3007.8,3018,2956,2967.9,1196687
567,2/14/2018,2965,2974,2894.25,2904,55823
568,2/15/2018,2930,2942.5,2906.6,2922.5,50702
569,2/16/2018,2930,2999,2924.35,2931,304310
570,2/19/2018,2940,2952,2898.4,2924.55,83672
571,2/20/2018,2929.1,2983.45,2929.1,2945.05,41012
572,2/21/2018,2962,3060,2962,3043.05,124985
573,2/22/2018,3050,3077.95,3022.55,3040.4,74703
574,2/23/2018,3045,3100,2996.05,3076.9,296669
575,2/26/2018,3081,3084.75,3027,3035.25,49935
576,2/27/2018,3049.95,3077.8,3035,3043.25,47771
577,2/28/2018,3035,3062.35,3023.35,3038.25,101343
578,3/1/2018,3055,3060,3021.95,3037.1,28280
579,3/5/2018,3051,3112.45,3036.05,3104.3,110815
580,3/6/2018,3125,3125,3030.65,3049.8,49309
581,3/7/2018,3068,3089.75,3024.25,3029.25,81051
582,3/8/2018,3049.95,3049.95,2983.9,3001.5,56858
583,3/9/2018,3014,3059.95,2978.55,3034.5,105106
584,3/12/2018,3050,3080,3036.5,3051.85,71095
585,3/13/2018,2926.1,2928,2884.1,2892.45,2197919
586,3/14/2018,2899.75,2925,2875.05,2886.1,135708
587,3/15/2018,2899,2902.4,2857.65,2869.15,162813
588,3/16/2018,2869,2870,2805,2825.5,131085
589,3/19/2018,2839.95,2845,2820.3,2826.6,111191
590,3/20/2018,2828,2870,2820.7,2864.5,53524
591,3/21/2018,2871,2882,2845,2854.6,99762
592,3/22/2018,2867.65,2870,2825,2829.95,48635
593,3/23/2018,2801.05,2831,2800,2816.45,96838
594,3/26/2018,2817.95,2822.9,2782.3,2813.05,148178
595,3/27/2018,2838,2861.7,2825.5,2841.85,37955
596,3/28/2018,2837.5,2874,2827.55,2849.3,82057
597,4/2/2018,2848,2910,2848,2902.9,50729
598,4/3/2018,2897.35,2927.15,2893,2908.1,34291
599,4/4/2018,2923.5,2933.3,2891.95,2907.05,37608
600,4/5/2018,2925.55,2962,2920.05,2957.15,65092
601,4/6/2018,2951.35,2961,2927,2949.7,21192
602,4/9/2018,2942.35,2963,2915,2921.15,23221
603,4/10/2018,2938,2955.85,2925.1,2931.85,29989
604,4/11/2018,2949.9,3026.9,2947.2,3015.5,92455
605,4/12/2018,3012.8,3150,3010.15,3137.3,921775
606,4/13/2018,3148,3238,3131.1,3151,141928
607,4/16/2018,3125,3199,3108.05,3184.8,117863
608,4/17/2018,3190,3190,3149.3,3165.9,46360
609,4/18/2018,3170.05,3189.8,3148,3161,52382
610,4/19/2018,3175,3215,3166.3,3190.65,102072
611,4/20/2018,3259.15,3421.25,3247.15,3406.4,771955
612,4/23/2018,3425,3556.95,3400,3415.2,505816
613,4/24/2018,3412,3443.15,3345.9,3385.65,195496
614,4/25/2018,3385,3481.5,3366,3467.9,221933
615,4/26/2018,3495,3560,3469,3525,150983
616,4/27/2018,3537.8,3543.15,3449.3,3454.8,107452
617,4/30/2018,3455.2,3547,3438.2,3531.4,92393
618,5/2/2018,3539.7,3539.7,3475.6,3499,64849
619,5/3/2018,3507,3527.85,3475,3482.65,72522
620,5/4/2018,3504,3504,3472,3480.85,46993
621,5/7/2018,3490,3490,3420.1,3427.7,63422
622,5/8/2018,3434.9,3487.95,3398.85,3441.05,101278
623,5/9/2018,3467,3494.45,3443,3489.05,49783
624,5/10/2018,3501,3508.45,3446,3452.95,61821
625,5/11/2018,3459,3487.5,3446.4,3460.6,35168
626,5/14/2018,3469,3471,3416,3436.75,301878
627,5/15/2018,3453.9,3494.5,3437,3482.45,39574
628,5/16/2018,3475.05,3509.95,3475.05,3495.55,29115
629,5/17/2018,3516,3529.8,3475,3492.7,48034
630,5/18/2018,3475,3518,3462.5,3502.35,26085
631,5/21/2018,3521.9,3591.85,3515,3557.95,68336
632,5/22/2018,3575,3575,3495,3508.05,51761
633,5/23/2018,3528,3544.95,3482.8,3497.05,45347
634,5/24/2018,3505,3615,3503.2,3604.8,96195
635,5/25/2018,3627,3674,3572.8,3589.45,84553
636,5/28/2018,3615.9,3615.9,3488.25,3503.8,131580
637,5/29/2018,3525,3546.15,3491.2,3522.7,102873
638,5/30/2018,3510,3532.5,3484.75,3517.75,77285
639,5/31/2018,1738.1,1758.7,1726.1,1744.8,156722
640,6/1/2018,1760,1760,1719.55,1732.25,117215
641,6/4/2018,1752,1752,1712.9,1744.55,242609
642,6/5/2018,1744,1752.6,1713.45,1721.2,104670
643,6/6/2018,1724,1735.3,1716.3,1727.25,383075
644,6/7/2018,1733.25,1748.5,1726.25,1734.6,118908
645,6/8/2018,1736,1757.5,1736,1748.2,402906
646,6/11/2018,1747,1763.45,1742.8,1750.6,58150
647,6/12/2018,1757,1784.95,1753.5,1781,152861
648,6/13/2018,1822,1832,1800,1824.2,353957
649,6/14/2018,1838.95,1838.95,1788,1792.25,313381
650,6/15/2018,1804.9,1849,1791,1841.45,765529
651,6/18/2018,1868.7,1868.95,1825.5,1830.7,522045
652,6/19/2018,1822,1839.6,1822,1825.85,721683
653,6/20/2018,1833,1836.6,1823,1826.3,204010
654,6/21/2018,1830,1832,1818,1819.85,184970
655,6/22/2018,1828.05,1828.05,1803.25,1811.8,200191
656,6/25/2018,1814,1824,1809,1820.45,215085
657,6/26/2018,1823,1862,1823,1852.7,1065791
658,6/27/2018,1860,1886.2,1852,1859.8,474432
659,6/28/2018,1865,1872,1830.15,1847.3,333642
660,6/29/2018,1847,1868,1843,1847.2,229631
661,7/2/2018,1829.95,1859.95,1829.95,1855.6,151420
662,7/3/2018,1859.95,1880,1858,1875.9,163967
663,7/4/2018,1879.95,1880,1860.1,1869.65,138775
664,7/5/2018,1873,1887,1864,1881.7,110452
665,7/6/2018,1880,1920.3,1880,1918.85,211338
666,7/9/2018,1927,1927,1882,1887.65,374551
667,7/10/2018,1898.8,1900,1872.6,1877,433180
668,7/11/2018,1897,1995,1897,1979.6,1157363
669,7/12/2018,1984,1992,1961.5,1971,602500
670,7/13/2018,1977,1998,1975.05,1981.25,975624
671,7/16/2018,1987.5,1995.95,1978.4,1988.8,112080
672,7/17/2018,1989.05,2005.45,1982,1997.85,117890
673,7/18/2018,2005,2009.9,1993,1997.3,78031
674,7/19/2018,2000.05,2009.95,1970.55,1981.45,83227
675,7/20/2018,1985,2000,1983,1995.95,62274
676,7/23/2018,1998,2008.85,1991.2,2005.05,86334
677,7/24/2018,2010,2011.95,1987,1996.85,59826
678,7/25/2018,2003,2003,1971,1979.4,91324
679,7/26/2018,1972.05,1985.05,1956.1,1963.3,83737
680,7/27/2018,1964,1966.8,1940,1943.1,132170
681,7/30/2018,1946.05,1955.3,1935,1944.95,96383
682,7/31/2018,1940,1948.5,1929.05,1941.25,89386
683,8/1/2018,1950,1980,1950,1975.1,112722
684,8/2/2018,1979.95,1984.6,1945,1950.65,105704
685,8/3/2018,1958.95,1980,1957.1,1977.35,57673
686,8/6/2018,1998,1998,1972.05,1976.35,110668
687,8/7/2018,1977,1977,1961,1968.1,78403
688,8/8/2018,1971.05,1978.3,1963.75,1974.6,94359
689,8/9/2018,1982,1983.55,1966.3,1974.05,101980
690,8/10/2018,1978,1997.05,1974,1993.85,140439
691,8/13/2018,1999,2002.55,1988.25,2000.5,364314
692,8/14/2018,1990,2024,1983.5,2001.25,228939
693,8/16/2018,2003,2019,1996.1,2008.75,132552
694,8/17/2018,2014.05,2021,2005,2011.85,175452
695,8/20/2018,2022.85,2022.85,2005.25,2010.4,69717
696,8/21/2018,2010,2022.75,2005,2013.65,62718
697,8/23/2018,2023,2038.65,2020,2035.45,162256
698,8/24/2018,2034.85,2046.05,2031,2042.2,90073
699,8/27/2018,2044.85,2058.55,2036.6,2051.65,102659
700,8/28/2018,2053.5,2072,2051.65,2065.55,167682
701,8/29/2018,2070,2072.75,2046.1,2065.8,96894
702,8/30/2018,2069,2080.2,2064.4,2079.45,187205
703,8/31/2018,2079.45,2090.5,2073.5,2078.2,166797
704,9/3/2018,2070,2089.95,2052.1,2054.95,125871
705,9/4/2018,2055,2100,2055,2093.2,318313
706,9/5/2018,2098.95,2105.95,2075,2078.15,136884
707,9/6/2018,2079,2081.5,2063,2075.7,64300
708,9/7/2018,2080,2083.95,2065.75,2079.7,49201
709,9/10/2018,2084,2093.4,2074.1,2081.2,59853
710,9/11/2018,2087.1,2087.1,2042,2045.95,94049
711,9/12/2018,2055.55,2067.8,2040,2043.75,162054
712,9/14/2018,2048,2070.85,2018.95,2063.3,142167
713,9/17/2018,2067,2077,2054.85,2071.6,49469
714,9/18/2018,2074.95,2077.3,2059,2070,44727
715,9/19/2018,2072.95,2088,2066.15,2076.9,56494
716,9/21/2018,2076.9,2119,2052.5,2103.8,124436
717,9/24/2018,2107,2214.05,2098.3,2198.7,299610
718,9/25/2018,2204.95,2209.6,2155,2183.1,128098
719,9/26/2018,2183,2197.1,2135,2141.45,79665
720,9/27/2018,2142,2202,2136.6,2187.8,121150
721,9/28/2018,2180,2190,2159.55,2184.5,77824
722,10/1/2018,2190,2273,2189,2255.8,186123
723,10/3/2018,2248.6,2253.85,2155,2162.45,151560
724,10/4/2018,2161,2161,2058.65,2064.25,537593
725,10/5/2018,2059.8,2119.85,2024.55,2103.1,166182
726,10/8/2018,2106.5,2122.9,2048,2080.1,102738
727,10/9/2018,2080.8,2108,2054.4,2090.5,127278
728,10/10/2018,2100.15,2104.05,2030.3,2043.05,1935415
729,10/11/2018,1988.4,2013.55,1944,1979.75,358205
730,10/12/2018,1973.95,1979,1905,1918.4,650422
731,10/15/2018,1935,1955,1921.7,1949.15,174004
732,10/16/2018,1953.95,1969.15,1935,1961.7,168013
733,10/17/2018,1983.95,1988.95,1920.1,1927.7,306631
734,10/19/2018,1930.05,1932.4,1872.2,1917.05,123953
735,10/22/2018,1919.5,1919.5,1888.45,1902.15,55212
736,10/23/2018,1890,1896.45,1836.8,1844.15,114276
737,10/24/2018,1857.95,1871.8,1812,1866.25,172520
738,10/25/2018,1835,1875.45,1825.5,1852.65,90640
739,10/26/2018,1850,1850,1792,1799.6,167785
740,10/29/2018,1810.05,1878,1784.55,1869.75,140664
741,10/30/2018,1865,1909,1846.55,1895.4,143803
742,10/31/2018,1907,1944.6,1878.65,1937.6,136686
743,11/1/2018,1950,1950,1902.55,1934.6,98198
744,11/2/2018,1935,1953.5,1905.75,1909.8,132521
745,11/5/2018,1914.9,1926.7,1885,1889.95,89179
746,11/6/2018,1895,1936,1890.05,1931.95,94811
747,11/7/2018,1949,1950,1935,1942.8,24436
748,11/9/2018,1955,1962.95,1904,1909.8,70524
749,11/12/2018,1910,1944.85,1909.8,1915.9,80898
750,11/13/2018,1915.9,1939.8,1903.05,1935.8,46465
751,11/14/2018,1927.85,1929,1872.5,1880.55,150552
752,11/15/2018,1869,1898.95,1860,1865.5,367665
753,11/16/2018,1887.95,1898.55,1868.55,1882.25,315466
754,11/19/2018,1889,1907,1867.55,1902.05,62103
755,11/20/2018,1905.95,1905.95,1875.1,1877.75,67206
756,11/21/2018,1865,1866.8,1802,1811.75,452436
757,11/22/2018,1824.8,1847.1,1810.4,1815.25,157700
758,11/26/2018,1823,1859.5,1787,1846.1,171396
759,11/27/2018,1855.75,1893.5,1835.1,1888.35,130220
760,11/28/2018,1888.3,1982.15,1883.9,1976.55,778970
761,11/29/2018,1998,1998,1943.65,1959.45,193279
762,11/30/2018,1972,1989.4,1960.45,1970.6,116167
763,12/3/2018,1980.1,1990,1969.05,1982.2,73374
764,12/4/2018,1983,2019.3,1971.5,2009.4,164306
765,12/5/2018,2009.4,2017.5,1985,2006.1,127987
766,12/6/2018,2000,2017.95,1981.25,1991.75,111506
767,12/7/2018,1991.75,2003.85,1975,1995.95,101524
768,12/10/2018,1979,2009.9,1962.05,1974.9,97246
769,12/11/2018,1973.5,2009.7,1961.15,1998.35,100894
770,12/12/2018,1998.35,2022.05,1987.1,2018.7,466804
771,12/13/2018,2020,2028.4,1975,1983.65,157492
772,12/14/2018,1995,1995,1975.65,1989.25,76627
773,12/17/2018,1990.15,2003,1985.5,1993.25,62958
774,12/18/2018,1999.5,2001.95,1975.1,1987.7,76444
775,12/19/2018,1985,1985,1960,1967.2,123115
776,12/20/2018,1965,1975.45,1947,1956.35,143401
777,12/21/2018,1949.9,1950,1890,1897.25,167447
778,12/24/2018,1901,1938,1901,1915.55,132496
779,12/26/2018,1916,1917.95,1872,1889.5,111886
780,12/27/2018,1909.9,1940.1,1892.35,1909.45,146915
781,12/28/2018,1909.45,1921,1893.75,1895.8,178358
782,12/31/2018,1901,1910.15,1887,1893.55,155314
783,1/1/2019,1905,1909,1885.1,1902.35,144685
784,1/2/2019,1907.9,1933,1900.55,1923.15,145042
785,1/3/2019,1913.5,1944,1891.7,1896.45,155018
786,1/4/2019,1901,1901.05,1841.5,1873.95,320877
787,1/7/2019,1891.1,1909,1880.25,1896.65,98867
788,1/8/2019,1902,1908,1884,1893.05,84481
789,1/9/2019,1915,1919,1869.05,1887.8,156721
790,1/10/2019,1904,1906.8,1874.1,1888.15,157549
791,1/11/2019,1875,1876.05,1836.1,1841.95,530631
792,1/14/2019,1854.7,1854.85,1810.5,1814.4,170020
793,1/15/2019,1813.55,1868,1809.55,1864.2,180669
794,1/16/2019,1869.95,1874.8,1848.55,1870.1,105630
795,1/17/2019,1871,1899,1871,1895.1,138166
796,1/18/2019,1887,1904.45,1877.3,1900.4,75507
797,1/21/2019,1900.4,1931.3,1896.55,1905.8,145868
798,1/22/2019,1908,1918.2,1890.7,1900.35,85612
799,1/23/2019,1900,1907.7,1874,1879.75,64588
800,1/24/2019,1882,1904.5,1876,1901.75,83595
801,1/25/2019,1904.4,1933.45,1900.75,1919.05,97696
802,1/28/2019,1931.7,1958,1929.55,1951.95,146761
803,1/29/2019,1956,1989.8,1937.3,1983.15,126943
804,1/30/2019,1983.15,1983.95,1955.1,1977.85,102628
805,1/31/2019,1988,2019.5,1985.05,2014.6,145616
806,2/1/2019,2005,2035,1998.3,2030.75,112449
807,2/4/2019,2030,2051,2018.3,2047.15,82381
808,2/5/2019,2049,2054.75,2028.05,2044.35,71284
809,2/6/2019,2052,2086,2040.4,2077.85,355138
810,2/7/2019,2079.4,2097.8,2069.5,2079.9,94880
811,2/8/2019,2078,2088.25,2054,2062.75,856235
812,2/11/2019,2062,2093.45,2051.05,2065.55,70084
813,2/12/2019,2070,2077,2020.35,2050.65,88124
814,2/13/2019,2057,2082.75,2050.65,2068.6,210280
815,2/14/2019,2064,2075,2033.15,2044.65,40054
816,2/15/2019,2045,2052,2013,2030.9,69676
817,2/18/2019,2035,2044.1,1965.6,1971.75,103574
818,2/19/2019,1971.75,1971.75,1895,1904.85,173030
819,2/20/2019,1913.95,1933.8,1882,1914.45,246655
820,2/21/2019,1924,1939.8,1898.65,1912.25,199720
821,2/22/2019,1920,1930.5,1905,1925.9,63686
822,2/25/2019,1927.15,1990,1927.15,1985,124746
823,2/26/2019,1977,2038.65,1969.9,2032.35,217075
824,2/27/2019,2037,2070,2020.85,2053.75,142848
825,2/28/2019,2065,2070,1977.85,1984.25,342425
826,3/1/2019,1990,2005.95,1982.5,1991.65,141607
827,3/5/2019,2002,2005,1978.05,1987.85,87491
828,3/6/2019,1990,2014.35,1986.45,1999.4,110167
829,3/7/2019,2000.5,2021,2000.5,2011.5,70885
830,3/8/2019,2029,2032.6,2010.05,2022.3,96587
831,3/11/2019,2022.7,2032.8,2005.5,2014.1,52839
832,3/12/2019,2018,2024.9,2003.35,2012.55,55412
833,3/13/2019,2006.1,2015.15,1978.6,2001.15,91421
834,3/14/2019,2009,2009,1982.3,1988.6,47407
835,3/15/2019,1993,2069,1993,2040.2,184492
836,3/18/2019,2045,2062.9,2012,2021.3,108133
837,3/19/2019,2026,2030,1996.4,2024.7,82270
838,3/20/2019,2025,2044.6,2002,2015.5,154786
839,3/22/2019,2015.5,2015.5,1985.5,2004.65,151043
840,3/25/2019,2007,2010,1979.3,1986.9,535545
841,3/26/2019,1985,1994,1959,1981.8,133616
842,3/27/2019,1985,1998.25,1961,1968.2,125014
843,3/28/2019,1978,2010.95,1972.4,2000.45,204930
844,3/29/2019,2017.9,2024.9,1986.75,2000.4,148516
845,4/1/2019,2010,2040,2009.25,2031.3,532795
846,4/2/2019,2040,2084,2035.55,2079.5,156214
847,4/3/2019,2089.8,2089.8,2060,2080.25,126061
848,4/4/2019,2080,2080.75,2006,2014.3,150806
849,4/5/2019,2029.7,2058.95,2020,2051.45,152384
850,4/8/2019,2060,2078,2033.55,2069.75,112239
851,4/9/2019,2074.7,2096.1,2057,2088.1,124591
852,4/10/2019,2098.6,2098.6,2038.55,2043.8,108591
853,4/11/2019,2048,2055.3,2012.35,2019.05,133391
854,4/12/2019,2040,2040,2008.05,2013.75,164813
855,4/15/2019,2071,2115,2041.05,2110.05,397080
856,4/16/2019,2116,2153.8,2116,2132.45,237129
857,4/18/2019,2141,2150.05,2116.3,2145.5,88311
858,4/22/2019,2148,2175.95,2147.25,2164.35,186485
859,4/23/2019,2166,2167.6,2135.1,2157.7,74839
860,4/24/2019,2157.7,2195,2155.4,2185.45,114028
861,4/25/2019,2169,2199,2169,2191.7,97687
862,4/26/2019,2200,2244.55,2193.75,2238.3,149597
863,4/30/2019,2230,2265,2230,2254.95,125430
864,5/2/2019,2260,2260,2209.45,2214.4,67719
865,5/3/2019,2191,2191,2125.15,2132.5,167475
866,5/6/2019,2113,2165,2104.55,2154.7,123793
867,5/7/2019,2155,2185,2140.1,2150.35,107919
868,5/8/2019,2158,2167.75,2130.2,2152.65,59590
869,5/9/2019,2145,2182,2138,2168.7,80051
870,5/10/2019,2174.35,2193.6,2125,2135.55,105470
871,5/13/2019,2140,2167,2122.85,2131.1,154027
872,5/14/2019,2137.5,2158.2,2074.5,2094.35,107390
873,5/15/2019,2105,2125.55,2084.6,2094.5,122743
874,5/16/2019,2096,2123.4,2078.05,2109.45,85235
875,5/17/2019,2120.6,2134.95,2088.95,2096.35,96029
876,5/20/2019,2126,2145,2050.25,2139.3,131596
877,5/21/2019,2145,2149.95,2101.6,2109.2,87743
878,5/22/2019,2114,2121.6,2076.7,2082.75,122238
879,5/23/2019,2100,2115.1,2049,2053.75,167233
880,5/24/2019,2074,2074,2034,2049.65,102735
881,5/27/2019,2060,2067.75,2040.4,2053.8,222227
882,5/28/2019,2060,2097.45,2047.25,2075,212368
883,5/29/2019,2071,2121.75,2071,2105.25,199565
884,5/30/2019,2120,2153.4,2116.4,2145.4,170973
885,5/31/2019,2159.95,2205,2155,2196.85,165501
886,6/3/2019,2207.8,2248,2186,2240.35,292099
887,6/4/2019,2226,2226,2175,2182.45,111042
888,6/6/2019,2199,2199,2151.45,2167.4,125991
889,6/7/2019,2177,2189,2145.2,2178.95,84031
890,6/10/2019,2194.9,2234.95,2189.25,2231.1,94323
891,6/11/2019,2237.9,2263,2233,2252.85,121513
892,6/12/2019,2249,2267,2219.5,2258.45,71366
893,6/13/2019,2257,2285.05,2241.3,2250.25,160534
894,6/14/2019,2255,2262.55,2236.4,2252.3,102702
895,6/17/2019,2259.9,2262.8,2240.05,2245.6,107409
896,6/18/2019,2249.8,2260,2232,2251.7,84866
897,6/19/2019,2253,2275,2244.4,2259.9,100800
898,6/20/2019,2230,2285,2214.05,2279,133605
899,6/21/2019,2280,2290.65,2242.05,2249.95,115557
900,6/24/2019,2250,2279.9,2250,2275,83606
901,6/25/2019,2277,2277,2250.9,2266.75,62663
902,6/26/2019,2272.9,2272.9,2251.1,2253.7,67735
903,6/27/2019,2256.4,2264.8,2242.3,2252.65,41248
904,6/28/2019,2255,2261.25,2222.95,2227.25,99596
905,7/1/2019,2239.65,2255,2207.65,2239.7,106178
906,7/2/2019,2240,2257.35,2216.2,2252.75,98136
907,7/3/2019,2259.9,2259.9,2232.5,2237.2,59889
908,7/4/2019,2237.3,2251.8,2232,2242.6,55390
909,7/5/2019,2241,2250,2139,2161.65,1222990
910,7/8/2019,2159,2184,2131,2176.1,131169
911,7/9/2019,2170.5,2175,2090,2131.45,1132727
912,7/10/2019,2081,2127.65,2070.1,2107.7,264565
913,7/11/2019,2124.6,2128.1,2087.05,2101.45,102758
914,7/12/2019,2108.5,2118,2094.05,2107.95,59397
915,7/15/2019,2120,2153,2099,2145.2,74130
916,7/16/2019,2131.65,2131.65,2100.3,2105.3,137617
917,7/17/2019,2106,2125,2092.55,2117.15,94758
918,7/18/2019,2115,2115,2060,2065.6,95604
919,7/19/2019,2095,2096.75,2064,2076.95,89018
920,7/22/2019,2080,2117,2068.85,2109.7,72161
921,7/23/2019,2127.8,2128.95,2102.95,2111.8,90107
922,7/24/2019,2115,2120.65,2076.6,2096.7,91060
923,7/25/2019,2115,2134.8,2094,2128.3,60682
924,7/26/2019,2111,2130.1,2096,2108.8,43813
925,7/29/2019,2111,2141.75,2103.6,2129.5,64054
926,7/30/2019,2125,2184.7,2121,2179,81306
927,7/31/2019,2175,2210.95,2148.3,2205.4,73304
928,8/1/2019,2206,2217,2166.85,2179.9,59288
929,8/2/2019,2179.9,2210,2166.4,2206.05,192986
930,8/5/2019,2185,2250.4,2185,2248.55,105681
931,8/6/2019,2232,2251.75,2211.55,2215.45,66361
932,8/7/2019,2220,2238.5,2208.4,2214,59921
933,8/8/2019,2222,2280.85,2220,2258.85,91474
934,8/9/2019,2270,2270,2242,2245.6,47328
935,8/13/2019,2250.2,2250.2,2195,2200.2,78148
936,8/14/2019,2182,2217.8,2168.8,2204.65,254492
937,8/16/2019,2233,2237,2145.9,2163.5,168125
938,8/19/2019,2167,2185,2158.2,2163.55,45987
939,8/20/2019,2168.5,2205.7,2168,2187.15,294610
940,8/21/2019,2187,2202.5,2180.95,2185.85,64591
941,8/22/2019,2186.05,2235,2171,2214.9,67488
942,8/23/2019,2221.5,2260,2212.75,2247.55,83246
943,8/26/2019,2254,2280,2225.2,2275.1,78887
944,8/27/2019,2270,2273,2229,2237,203658
945,8/28/2019,2242,2251.1,2216.05,2239.65,38316
946,8/29/2019,2239,2248,2222.05,2233.3,31047
947,8/30/2019,2236.05,2266.1,2218,2258.05,56766
948,9/3/2019,2259,2296,2237.15,2252.25,69973
949,9/4/2019,2269.7,2269.9,2234,2246.1,44608
950,9/5/2019,2246.65,2253.1,2208,2215.8,54328
951,9/6/2019,2215,2231.7,2190.85,2197.65,56482
952,9/9/2019,2203,2203,2180,2183.3,48168
953,9/11/2019,2192,2200,2147.05,2153.95,83914
954,9/12/2019,2154,2164.95,2120.65,2133.85,77824
955,9/13/2019,2138,2157.9,2116.2,2141.35,113836
956,9/16/2019,2150.35,2173.5,2127.3,2149.15,96788
957,9/17/2019,2154,2155.85,2107,2121.35,120315
958,9/18/2019,2115,2143.75,2114.3,2138.25,81032
959,9/19/2019,2138.85,2138.9,2091.55,2102.15,74797
960,9/20/2019,2102.5,2129.25,2055.6,2065.6,261727
961,9/23/2019,2085,2089,1975,2014.75,470064
962,9/24/2019,2015,2062.35,2013.7,2044.3,233358
963,9/25/2019,2057,2092.05,2057,2087.8,167063
964,9/26/2019,2091,2106.95,2063,2087.65,97699
965,9/27/2019,2087,2087,2053,2056.7,84102
966,9/30/2019,2060.1,2103.9,2060.1,2099.2,113250
967,10/1/2019,2099.5,2099.55,2040.3,2059.7,76242
968,10/3/2019,2070,2081.05,2047,2058.85,82996
969,10/4/2019,2079.7,2087,2054.75,2078.65,44798
970,10/7/2019,2080,2094.8,2041.05,2052.85,95756
971,10/9/2019,2052.85,2056.7,2015.8,2020.65,87599
972,10/10/2019,2028,2039,1998.85,2004.4,219994
973,10/11/2019,1933,1994.4,1929,1987.05,477346
974,10/14/2019,2000,2031.9,1969,2020.95,113276
975,10/15/2019,2028.8,2046.9,2024.2,2037.4,137747
976,10/16/2019,2039,2056,2016.5,2045.85,81105
977,10/17/2019,2015,2037.8,2001,2030.7,131597
978,10/18/2019,2038,2064,2025.1,2057.35,85260
979,10/22/2019,2081,2109.95,2040.45,2051.65,119818
980,10/23/2019,2065,2084,2052.6,2075.25,60167
981,10/24/2019,2075.1,2099,2062,2082.2,149770
982,10/25/2019,2088,2129.5,2075,2125.05,108564
983,10/27/2019,2130.5,2133.9,2110,2116.6,13696
984,10/29/2019,2116.6,2200.95,2116.6,2196,157630
985,10/30/2019,2217,2260,2176.75,2253.65,152519
986,10/31/2019,2250,2285.5,2238,2270.2,118046
987,11/1/2019,2270,2274.2,2195.5,2202.05,109603
988,11/4/2019,2224.9,2229.7,2181.55,2193.8,134752
989,11/5/2019,2192,2211.9,2169.1,2201.6,58756
990,11/6/2019,2201.6,2210.8,2178.95,2188.4,57283
991,11/7/2019,2196.1,2203.85,2176.05,2185.5,44386
992,11/8/2019,2185.5,2188.25,2124.75,2129.95,110688
993,11/11/2019,2144,2144,2091.3,2099.7,142808
994,11/13/2019,2110.2,2182,2110.2,2178.55,135698
995,11/14/2019,2181,2199.55,2145.35,2195.6,106873
996,11/15/2019,2199,2211,2168.55,2174.8,70965
997,11/18/2019,2187,2187.65,2148.15,2151.75,406587
998,11/19/2019,2152,2153.95,2105.1,2108.3,100949
999,11/20/2019,2116.1,2135.8,2095.1,2108,76522
1000,11/21/2019,2110,2126.75,2108.15,2117.05,74769
1001,11/22/2019,2110,2110,2061,2070.55,146157
1002,11/25/2019,2082,2085.7,2053.2,2080.2,126304
1003,11/26/2019,2090,2097.9,2036,2046.9,142885
1004,11/27/2019,2048.15,2071,2047.55,2053.45,97304
1005,11/28/2019,2069.8,2093.95,2061.3,2077.35,93915
1006,11/29/2019,2085,2085,2046,2052.7,104712
1007,12/2/2019,2060,2079,2017,2020.95,191856
1008,12/3/2019,2025.1,2061.8,2011,2050.4,792810
1009,12/4/2019,2045,2081.85,2045,2079,269706
1010,12/5/2019,2065,2126,2065,2121.5,251530
1011,12/6/2019,2130,2130,2101,2122.95,184863
1012,12/9/2019,2110,2128.15,2054.05,2060.7,89534
1013,12/10/2019,2063.4,2063.55,2005,2012.5,148258
1014,12/11/2019,2021.05,2047,2007.95,2041.2,239416
1015,12/12/2019,2047,2083.35,1983.85,2016.75,192895
1016,12/13/2019,2023,2076.45,2007.4,2071.7,197206
1017,12/16/2019,2095,2135.7,2080.95,2127.55,184800
1018,12/17/2019,2130,2169,2119.25,2165.65,194169
1019,12/18/2019,2172,2203.6,2152.35,2167.25,189902
1020,12/19/2019,2165.15,2235.85,2165,2228.65,170417
1021,12/20/2019,2225,2246.15,2209.4,2222.55,139678
1022,12/23/2019,2217,2241.4,2211.6,2232.45,53150
1023,12/24/2019,2244.95,2244.95,2210.9,2215.05,39616
1024,12/26/2019,2219,2227.9,2197.1,2201.05,49606
1025,12/27/2019,2210,2214.6,2178.35,2198.15,60961
1026,12/30/2019,2202,2224.55,2176.5,2182.9,49371
1027,12/31/2019,2185.25,2196.8,2158.3,2161.3,39005
1028,1/1/2020,2170,2183.35,2154.25,2169.8,36398
1029,1/2/2020,2173.1,2177.9,2150,2157.45,56619
1030,1/3/2020,2169,2223,2162.55,2200.4,330173
1031,1/6/2020,2201,2226.4,2188.3,2200.15,84845
1032,1/7/2020,2201,2214.8,2184,2205.15,44109
1033,1/8/2020,2200,2259.95,2200,2255.05,109402
1034,1/9/2020,2251.05,2251.05,2210.45,2216,102267
1035,1/10/2020,2216,2233,2208,2213.85,118682
1036,1/13/2020,2221,2221,2185.2,2191,109319
1037,1/14/2020,2199,2229.75,2198.75,2207.2,121577
1038,1/15/2020,2219,2231.55,2195,2226.55,52151
1039,1/16/2020,2225,2248.95,2220.4,2238.4,61468
1040,1/17/2020,2242,2254.2,2213.05,2218.05,71372
1041,1/20/2020,2194,2241.65,2156.7,2170.25,214236
1042,1/21/2020,2174.95,2185,2160,2171.45,43940
1043,1/22/2020,2175.5,2210.1,2175.5,2206.5,90713
1044,1/23/2020,2206.5,2217.2,2182.4,2193.45,125220
1045,1/24/2020,2193.45,2193.45,2170.6,2184.6,84902
1046,1/27/2020,2180,2193.45,2165,2168.65,69104
1047,1/28/2020,2172.3,2187.15,2153,2184.05,158542
1048,1/29/2020,2187.25,2187.6,2148.65,2152.7,179971
1049,1/30/2020,2161,2165.45,2125.5,2138.05,78850
1050,1/31/2020,2140,2145,2072.4,2079.3,116613
1051,2/1/2020,2080,2178,2064.8,2165.1,105794
1052,2/3/2020,2164,2193.95,2093.75,2103.15,162662
1053,2/4/2020,2134.9,2137.55,2087.95,2107.7,116533
1054,2/5/2020,2125,2158,2105.75,2145.25,115764
1055,2/6/2020,2155,2174.25,2116,2128.7,541706
1056,2/7/2020,2142,2150.6,2119,2136.7,73624
1057,2/10/2020,2136.7,2166.95,2119.8,2162.35,72009
1058,2/11/2020,2164.9,2174,2147,2151.65,48006
1059,2/12/2020,2157,2184.8,2152,2170.5,75247
1060,2/13/2020,2170,2197,2169.95,2191.6,73682
1061,2/14/2020,2181,2211.55,2170.95,2183.8,58034
1062,2/17/2020,2199.9,2216.15,2190,2203.25,77670
1063,2/18/2020,2209.9,2221.35,2186.75,2215.3,96139
1064,2/19/2020,2215,2228.85,2190.1,2194.6,58248
1065,2/20/2020,2215,2215,2152.05,2156.3,186124
1066,2/24/2020,2157,2178.95,2106.65,2116.3,80671
1067,2/25/2020,2117,2176,2111.05,2155.9,52702
1068,2/26/2020,2156,2163.6,2113.1,2123.05,51900
1069,2/27/2020,2140,2140,2086.85,2103.9,83108
1070,2/28/2020,2080,2080,1990.4,2000.95,135017
1071,3/2/2020,2025.1,2054.6,1985.7,1999.9,103572
1072,3/3/2020,2004,2060,2004,2038.9,68762
1073,3/4/2020,2045.5,2093,2026,2083.15,83356
1074,3/5/2020,2085,2147,2085,2124.9,73872
1075,3/6/2020,2125,2125,2073,2117.9,55592
1076,3/9/2020,2080,2080.05,1936,1972.2,196607
1077,3/11/2020,1955,1988.35,1923.6,1954.55,461132
1078,3/12/2020,1915,1915,1759.2,1769.85,519323
1079,3/13/2020,1690.65,1819,1504.4,1807.3,364701
1080,3/16/2020,1769,1843.35,1677,1698.05,225552
1081,3/17/2020,1725,1731,1623,1658.2,239263
1082,3/18/2020,1688,1712.35,1628,1650.95,204763
1083,3/19/2020,1581,1685.75,1547.3,1636.1,244595
1084,3/20/2020,1637,1867.95,1627,1798,330779
1085,3/23/2020,1648.2,1742.55,1620,1662.65,173724
1086,3/24/2020,1740,1767.6,1652.05,1702.85,156649
1087,3/25/2020,1700,1810,1681,1752.2,104880
1088,3/26/2020,1815,1880.9,1723,1806.7,143192
1089,3/27/2020,1839,1850,1752,1818.6,197136
1090,3/30/2020,1769,1907,1763.35,1776.15,1324734
1091,3/31/2020,1826,1856,1780,1823.05,133416
1092,4/1/2020,1830,1834,1702.25,1709.55,212968
1093,4/3/2020,1731.3,1740,1650,1654.4,170043
1094,4/7/2020,1703.3,1785,1703.3,1775.05,167673
1095,4/8/2020,1760,1805,1701,1705.6,159832
1096,4/9/2020,1745,1778.45,1733,1765.9,126479
1097,4/13/2020,1769.8,1786,1747,1758.4,72307
1098,4/15/2020,1770,1812.25,1728.9,1734.45,150148
1099,4/16/2020,1701,1762.9,1677.6,1715.6,240124
1100,4/17/2020,1800,1851.85,1752.8,1806.8,309427
1101,4/20/2020,1827,1829,1803,1818.8,101688
1102,4/21/2020,1775,1794,1728.75,1737.25,149222
1103,4/22/2020,1746,1789.1,1720.35,1771.2,103696
1104,4/23/2020,1786,1891.7,1768.05,1876.9,453645
1105,4/24/2020,1840.1,1851.6,1807.5,1818.3,93384
1106,4/27/2020,1830.1,1875,1825.95,1837.3,82109
1107,4/28/2020,1866.5,1867,1833,1859.4,56291
1108,4/29/2020,1872.35,1911.3,1851,1905.2,138273
1109,4/30/2020,1963,2030,1943,2014.85,146238
1110,5/4/2020,1960,1965,1914.05,1929.15,117290
1111,5/5/2020,1960,1976,1926.15,1931.5,67646
1112,5/6/2020,1935,1953.3,1895.05,1904.25,84763
1113,5/7/2020,1917,1934.75,1886.3,1891.25,86388
1114,5/8/2020,1945,1945,1887,1893.5,64653
1115,5/11/2020,1920,1952.1,1909.85,1935.3,212252
1116,5/12/2020,1928,1957.2,1911.35,1948.95,97123
1117,5/13/2020,1999,1999,1926.3,1949.45,63153
1118,5/14/2020,1922,1922.4,1892,1900.8,67890
1119,5/15/2020,1908,1919,1867,1893.3,72171
1120,5/18/2020,1901,1949.45,1873.6,1944.85,97858
1121,5/19/2020,1869.5,1965.8,1869.5,1948.25,547420
1122,5/20/2020,1945.2,1963.1,1932.8,1952.45,68859
1123,5/21/2020,1952.8,1997,1942.05,1991.55,73577
1124,5/22/2020,1973,2030,1966,2018.95,84400
1125,5/26/2020,2020,2022,1925,1943.35,111751
1126,5/27/2020,1956.1,2010,1941.2,2005.1,85566
1127,5/28/2020,1996.7,2013,1971.25,2005.2,110455
1128,5/29/2020,1995,2002.35,1962.9,1971.55,222964
1129,6/1/2020,1995,2060,1982,2044.65,129607
1130,6/2/2020,2054.9,2081,2040,2046.9,74927
1131,6/3/2020,2047.15,2064,2019.6,2045.35,96580
1132,6/4/2020,2045.35,2100,2045.35,2093.9,115956
1133,6/5/2020,2093.9,2094.95,2040.9,2048.1,133484
1134,6/8/2020,2073,2095,2062.6,2071.4,248364
1135,6/9/2020,2068.9,2096.85,2061.1,2073.35,72244
1136,6/10/2020,2073,2132.05,2073,2108.3,183320
1137,6/11/2020,2102,2103.75,2062.5,2067.8,80173
1138,6/12/2020,2009,2049,2009,2038.7,94325
1139,6/15/2020,2040,2058,2000.6,2030.05,70028
1140,6/16/2020,2061,2072.55,2031,2044.95,274912
1141,6/17/2020,2042,2058.9,2027.65,2047.75,1555595
1142,6/18/2020,2035.05,2059,2026,2036.8,107922
1143,6/19/2020,2046.9,2090,2032.2,2047.05,154262
1144,6/22/2020,2045.05,2050,2020,2028.3,210773
1145,6/23/2020,2017,2043.85,2010,2035.4,925309
1146,6/24/2020,2037,2064,2033.75,2042.35,183408
1147,6/25/2020,2027.25,2059.75,2008,2010.9,401416
1148,6/26/2020,2025,2129.8,2020,2115.6,285133
1149,6/29/2020,2114,2127,2091.8,2101.85,113144
1150,6/30/2020,2090,2111,2075.85,2082.2,144796
1151,7/1/2020,2085.05,2113.65,2081.55,2092.55,85048
1152,7/2/2020,2096.1,2165,2096.1,2158.35,159176
1153,7/3/2020,2160.05,2203.15,2160.05,2199,129718
1154,7/6/2020,2208.7,2269,2206.25,2263.1,1248594
1155,7/7/2020,2269,2301.85,2232.75,2269.95,192542
1156,7/8/2020,2275,2275,2209.8,2217.65,107819
1157,7/9/2020,2225,2244.65,2192.6,2204.35,119208
1158,7/10/2020,2200,2249.15,2177.25,2221.65,259682
1159,7/13/2020,2225,2244.5,2210.75,2219.55,91299
1160,7/14/2020,2217,2237.45,2166.3,2171.7,105794
1161,7/15/2020,2183,2259.15,2183,2233.55,141346
1162,7/16/2020,2264,2332,2220.95,2233.65,260133
1163,7/17/2020,2255,2255,2190.1,2201.35,167683
1164,7/20/2020,2200,2226,2191.2,2209.75,108192
1165,7/21/2020,2227,2240.7,2202,2225.6,133461
1166,7/22/2020,2232.3,2237,2185,2189.95,128289
1167,7/23/2020,2190,2191,2162.45,2170.75,63185
1168,7/24/2020,2158.8,2162.1,2125.85,2157.05,106972
1169,7/27/2020,2160,2215,2160,2205.8,110937
1170,7/28/2020,2214,2320,2214,2309.2,345610
1171,7/29/2020,2292,2342,2247,2275.05,173540
1172,7/30/2020,2292,2357.15,2273.65,2277.95,209369
1173,7/31/2020,2300.5,2335,2258.5,2282.45,115665
1174,8/3/2020,2299,2302.45,2232,2251.3,216125
1175,8/4/2020,2260,2269.3,2226,2249.15,98064
1176,8/5/2020,2264.95,2299.95,2253.3,2258.8,227082
1177,8/6/2020,2271.1,2317.75,2264.35,2307.7,136621
1178,8/7/2020,2318.9,2327,2287.8,2294.95,149776
1179,8/10/2020,2310,2324.35,2275.65,2281.6,50885
1180,8/11/2020,2285,2312.4,2276.1,2279.25,53937
1181,8/12/2020,2281,2303.5,2247.2,2256.7,98143
1182,8/13/2020,2277.5,2299.45,2250.5,2255.5,64899
1183,8/14/2020,2274.4,2281.25,2233.15,2242.45,98443
1184,8/17/2020,2255,2268.85,2239,2252.05,98833
1185,8/18/2020,2264.8,2288.5,2250,2269.4,63828
1186,8/19/2020,2273.9,2283.95,2253,2256.25,70011
1187,8/20/2020,2257,2276,2240,2252,137977
1188,8/21/2020,2254,2270.3,2242,2248.2,54539
1189,8/24/2020,2248,2259.15,2230,2247.95,69290
1190,8/25/2020,2250,2250,2235,2242.25,44505
1191,8/26/2020,2245,2260,2217.05,2254.65,76925
1192,8/27/2020,2261.05,2287,2242.35,2247.9,134823
1193,8/28/2020,2265,2280,2234.5,2237.1,75463
1194,8/31/2020,2241,2275.85,2228.3,2256.35,121315
1195,9/1/2020,2265,2278.1,2241.5,2245.3,54703
1196,9/2/2020,2249,2268.35,2242,2264.8,408776
1197,9/3/2020,2265.1,2323.8,2265.1,2299.55,109805
1198,9/4/2020,2242,2323.5,2242,2289.75,153313
1199,9/7/2020,2288,2342,2283,2327.4,182399
1200,9/8/2020,2330.5,2389.5,2326.6,2348.95,251949
1201,9/9/2020,2325,2359.15,2320,2323.75,101324
1202,9/10/2020,2329,2348.9,2324.85,2331.6,79509
1203,9/11/2020,2348,2382.65,2331,2373.7,174945
1204,9/14/2020,2377,2504.2,2377,2492.3,191774
1205,9/15/2020,2487.5,2538,2459.9,2490.25,437465
1206,9/16/2020,2490,2507.1,2478.5,2502.65,100286
1207,9/17/2020,2487,2495,2452.6,2460.05,83371
1208,9/18/2020,2480,2501,2435.75,2450.75,57975
1209,9/21/2020,2460,2505,2453.6,2464.6,127699
1210,9/22/2020,2484.8,2554,2458.45,2523.55,264321
1211,9/23/2020,2510,2517,2410,2467.15,238132
1212,9/24/2020,2450,2450,2302.5,2331.5,189137
1213,9/25/2020,2370,2439.8,2350.05,2422.3,236610
1214,9/28/2020,2435,2442.8,2365.85,2425.35,158816
1215,9/29/2020,2439,2512,2434,2487.25,192086
1216,9/30/2020,2495,2505.05,2459.25,2491.5,438317
1217,10/1/2020,2509.8,2539,2492,2522.75,55334
1218,10/5/2020,2610,2727,2604,2706.85,473381
1219,10/6/2020,2736,2736,2649.35,2716.15,330035
1220,10/7/2020,2738,2769,2703,2737.4,277896
1221,10/8/2020,2825,2885,2800,2824.8,692625
1222,10/9/2020,2823,2828.75,2781,2814.95,186388
1223,10/12/2020,2818.9,2853.65,2802,2831.2,191337
1224,10/13/2020,2845,2855,2813.25,2825.65,149828
1225,10/14/2020,2840.15,2840.15,2788.95,2809.8,86667
1226,10/15/2020,2810.1,2827,2727,2738.7,589029
1227,10/16/2020,2751,2771.2,2733.45,2762.5,64823
1228,10/19/2020,2777,2777,2706.6,2711.45,90310
1229,10/20/2020,2722,2760,2720,2738.4,56441
1230,10/21/2020,2739,2749.6,2663.1,2675.45,109319
1231,10/22/2020,2666.8,2687.25,2638.55,2670.8,151372
1232,10/23/2020,2684,2706.05,2670.55,2686.45,69850
1233,10/26/2020,2695,2709.8,2671.7,2687.65,72725
1234,10/27/2020,2696.85,2717,2625,2631.45,86794
1235,10/28/2020,2653,2656.35,2607.2,2621.75,471923
1236,10/29/2020,2605,2654.45,2601,2633.7,86748
1237,10/30/2020,2639,2673.95,2621.65,2664.85,77960
1238,11/2/2020,2665,2665,2600,2603.85,106105
1239,11/3/2020,2604.7,2664.75,2602,2632.65,66138
1240,11/4/2020,2625,2720.45,2615,2653.25,129239
1241,11/5/2020,2681,2709.75,2667.4,2687.25,114531
1242,11/6/2020,2695,2713.35,2681.7,2708.25,86947
1243,11/9/2020,2738.25,2743.8,2695.05,2725.9,124207
1244,11/10/2020,2725,2725,2640,2649.95,182867
1245,11/11/2020,2645.3,2691.85,2644.25,2688.55,179045
1246,11/12/2020,2687,2711.65,2662.55,2670.7,75051
1247,11/13/2020,2656,2663.95,2636.45,2657.3,436036
1248,11/14/2020,2680,2680,2660.05,2670.7,23415
1249,11/17/2020,2685,2690,2650.35,2666.2,87495
1250,11/18/2020,2665,2665,2608.05,2625.9,139122
1251,11/19/2020,2630,2678.6,2630,2637.05,114908
1252,11/20/2020,2655,2675,2628.25,2659.6,146090
1253,11/23/2020,2685,2730,2666,2724,129100
1254,11/24/2020,2738,2743,2705,2722.1,103065
1255,11/25/2020,2727,2730,2688.4,2700.7,198420
1256,11/26/2020,2686.65,2729.95,2681,2720.85,60434
1257,11/27/2020,2700,2717.95,2670,2679.15,110671
1258,12/1/2020,2680,2735,2625.1,2726.95,90136
1259,12/2/2020,2720,2753.7,2702.25,2749.15,103473
1260,12/3/2020,2768.55,2768.8,2702.3,2708.45,392788
1261,12/4/2020,2706,2738.05,2700,2726,67094
1262,12/7/2020,2719,2743,2706.3,2736,44595
1263,12/8/2020,2745,2804.85,2733,2796.4,97986
1264,12/9/2020,2818,2840,2793.85,2809.8,108846
1265,12/10/2020,2820,2824.65,2780.15,2784.15,50596
1266,12/11/2020,2795,2807,2765,2783.45,55137
1267,12/14/2020,2800.1,2806.2,2757,2796.5,57915
1268,12/15/2020,2790,2795,2756,2761.2,108436
1269,12/16/2020,2775,2819.75,2761.2,2813.25,71532
1270,12/17/2020,2813.95,2849,2805.55,2837.9,74645
1271,12/18/2020,2861,2898,2847,2862.6,155614
1272,12/21/2020,2865,2888.55,2782.9,2818.75,181011
1273,12/22/2020,2830,2883.1,2819,2870.8,90096
1274,12/23/2020,2889,2918,2866.05,2907.2,84950
1275,12/24/2020,2914.85,2921.95,2884,2908.45,63577
1276,12/28/2020,2912.85,2949.9,2902.3,2928.25,80008
1277,12/29/2020,2928.25,2951.9,2924.2,2930.65,47486
1278,12/30/2020,2937,2947,2904,2908.85,175469
1279,12/31/2020,2902,2906.05,2845,2870.2,834286
1280,1/1/2021,2879,2939.9,2877.3,2928.2,152353
1281,1/4/2021,2950,3050,2942,3039.25,208783
1282,1/5/2021,3044.1,3112.75,3040,3092.3,188379
1283,1/6/2021,3102.15,3114.45,3037.8,3052.95,118089
1284,1/7/2021,3075,3079.8,3001,3032.7,160557
1285,1/8/2021,3085.2,3127.55,3061.8,3120.35,210057
1286,1/11/2021,3215,3224,3147.45,3175.05,253600
1287,1/12/2021,3179.95,3208.1,3150.95,3172.85,132445
1288,1/13/2021,3179.95,3179.95,3127.1,3158.8,653157
1289,1/14/2021,3164,3267,3120,3250.15,531550
1290,1/15/2021,3244.35,3273.85,3210.1,3233.6,162323
1291,1/18/2021,3249,3255.5,3186.6,3220.8,167704
1292,1/19/2021,3229,3279,3229,3265.15,94206
1293,1/20/2021,3265,3327,3265,3308.2,1574806
1294,1/21/2021,3308,3310,3262,3274.8,85349
1295,1/22/2021,3249.1,3323.9,3249.05,3303.4,316515
1296,1/25/2021,3295,3345.25,3277.7,3290.2,107916
1297,1/27/2021,3300,3305.3,3227.15,3261.05,586936
1298,1/28/2021,3240,3272.7,3183.95,3199.45,555279
1299,1/29/2021,3206,3215,3100.5,3112.9,96018
1300,2/1/2021,3104,3165,3045.1,3140.7,158508
1301,2/2/2021,3161,3224.55,3154.5,3203,115905
1302,2/3/2021,3207,3235.15,3164.6,3199.1,101798
1303,2/4/2021,3206,3233.95,3177,3187.3,434127
1304,2/5/2021,3191.1,3200,3129.5,3158.05,69573
1305,2/8/2021,3185.2,3224.95,3155.5,3215.15,132081
1306,2/9/2021,3200,3245.15,3165.05,3175.8,123700
1307,2/10/2021,3177,3219.3,3158.95,3210.95,61444
1308,2/11/2021,3223,3223,3186,3205.85,38475
1309,2/12/2021,3197,3245.8,3183.4,3191.15,64320
1310,2/15/2021,3206,3206,3131,3139.95,104489
1311,2/16/2021,3158.9,3166.25,3100.25,3109.3,136791
1312,2/17/2021,3109,3131.95,3047,3073.5,140215
1313,2/18/2021,3073,3098.75,3032,3057.55,175502
1314,2/19/2021,3057.55,3085.85,3017.55,3072.1,129152
1315,2/22/2021,3090,3090,2945.5,2958.75,233886
1316,2/23/2021,2971.6,3027.9,2970,2980,140264
1317,2/24/2021,2980.2,3002.25,2701,2951.4,720041
1318,2/25/2021,2980,3029.45,2969.1,2992.9,497914
1319,2/26/2021,2968.5,2971.9,2881.35,2896.05,202274
1320,3/1/2021,2930,2964.95,2900,2926.2,210795
1321,3/2/2021,2970,3025.4,2946.15,3010.55,168724
1322,3/3/2021,3030,3063.45,2996.5,3058.65,206125
1323,3/4/2021,3030,3081.55,3019.9,3047.7,371283
1324,3/5/2021,3020,3063.45,2997.35,3007,63785
1325,3/8/2021,3039,3039,2996,3007.2,39194
1326,3/9/2021,3008.05,3066.9,2993,3049.95,85833
1327,3/10/2021,3080.2,3092,3060.1,3071.95,83120
1328,3/12/2021,3075,3115.65,3042.05,3056.9,133299
1329,3/15/2021,3054,3098.9,3043,3066.35,53492
1330,3/16/2021,3064.85,3139.9,3063,3108.7,294600
1331,3/17/2021,3108,3156.75,3086,3112.7,263394
1332,3/18/2021,3122,3145,2986.3,3036.8,94103
1333,3/19/2021,3032,3098,3004.45,3063.25,202074
1334,3/22/2021,3060,3139,3018.05,3129.6,136270
1335,3/23/2021,3139.75,3168.5,3124,3142.05,64888
1336,3/24/2021,3125,3151.7,3111.5,3120.95,49838
1337,3/25/2021,3120.95,3129.7,3051,3068.05,50991
1338,3/26/2021,3083,3118,3044,3068.15,112808
1339,3/30/2021,3080,3188,3059.85,3159.95,216943
1340,3/31/2021,3155,3205,3131.65,3177.6,192113
1341,4/1/2021,3190,3215.7,3146,3165.9,105274
1342,4/5/2021,3171,3262.55,3151.25,3239.3,1005721
1343,4/6/2021,3278,3278,3229.9,3263.85,105514
1344,4/7/2021,3262,3277.95,3235.1,3270.75,68444
1345,4/8/2021,3267.35,3334.85,3267.35,3316.5,73583
1346,4/9/2021,3350,3358.8,3308.75,3322.2,98999
1347,4/12/2021,3330,3343.9,3217.75,3241.45,149202
1348,4/13/2021,3230,3230,3074.55,3105,247729
1349,4/15/2021,3145,3240.55,3086.2,3218.95,673685
1350,4/16/2021,3228.95,3246.25,3182,3193.3,106603
1351,4/19/2021,3193.3,3193.3,3135.2,3163.1,56293
1352,4/20/2021,3215,3220,3127,3144.1,108317
1353,4/22/2021,3146.15,3149.7,3105.5,3119.1,199595
1354,4/23/2021,3105,3119.75,3092,3109.8,67236
